mode,epsilon,trial,kappa,P_sink_T_end,P_sink_D_end,Selectivity_end,coverage_end
extended,0.0,0,0.001,0.013186862210208873,0.011219409804152796,1.175361488636637,0.02440627201436167
extended,0.0,0,0.003,0.01317302298685586,0.011194351073397784,1.1767562853181752,0.024367374060253646
extended,0.0,0,0.01,0.013124248354627794,0.01110735572661987,1.181581708236161,0.024231604081247665
extended,0.0,0,0.03,0.012982355983484383,0.010864755321559784,1.1949055085048783,0.023847111305044168
extended,0.0,0,0.1,0.01246764645055659,0.010080355998683205,1.2368260060407004,0.022548002449239796
extended,0.0,0,0.3,0.011013844595614213,0.00828899444709152,1.3287310860909154,0.01930283904270573
extended,0.0,0,1.0,0.007356601959113651,0.0048400659623756516,1.5199383675306086,0.012196667921489303
extended,0.0,0,3.0,0.003012674345883303,0.0016739758582320228,1.7997119428385546,0.004686650204115326
extended,0.0,0,10.0,0.0004799135587435523,0.00022881574371884643,2.097379965409453,0.0007087293024623987
extended,0.0,1,0.001,0.013186862210208873,0.011219409804152796,1.175361488636637,0.02440627201436167
extended,0.0,1,0.003,0.01317302298685586,0.011194351073397784,1.1767562853181752,0.024367374060253646
extended,0.0,1,0.01,0.013124248354627794,0.01110735572661987,1.181581708236161,0.024231604081247665
extended,0.0,1,0.03,0.012982355983484383,0.010864755321559784,1.1949055085048783,0.023847111305044168
extended,0.0,1,0.1,0.01246764645055659,0.010080355998683205,1.2368260060407004,0.022548002449239796
extended,0.0,1,0.3,0.011013844595614213,0.00828899444709152,1.3287310860909154,0.01930283904270573
extended,0.0,1,1.0,0.007356601959113651,0.0048400659623756516,1.5199383675306086,0.012196667921489303
extended,0.0,1,3.0,0.003012674345883303,0.0016739758582320228,1.7997119428385546,0.004686650204115326
extended,0.0,1,10.0,0.0004799135587435523,0.00022881574371884643,2.097379965409453,0.0007087293024623987
extended,0.0,2,0.001,0.013186862210208873,0.011219409804152796,1.175361488636637,0.02440627201436167
extended,0.0,2,0.003,0.01317302298685586,0.011194351073397784,1.1767562853181752,0.024367374060253646
extended,0.0,2,0.01,0.013124248354627794,0.01110735572661987,1.181581708236161,0.024231604081247665
extended,0.0,2,0.03,0.012982355983484383,0.010864755321559784,1.1949055085048783,0.023847111305044168
extended,0.0,2,0.1,0.01246764645055659,0.010080355998683205,1.2368260060407004,0.022548002449239796
extended,0.0,2,0.3,0.011013844595614213,0.00828899444709152,1.3287310860909154,0.01930283904270573
extended,0.0,2,1.0,0.007356601959113651,0.0048400659623756516,1.5199383675306086,0.012196667921489303
extended,0.0,2,3.0,0.003012674345883303,0.0016739758582320228,1.7997119428385546,0.004686650204115326
extended,0.0,2,10.0,0.0004799135587435523,0.00022881574371884643,2.097379965409453,0.0007087293024623987
extended,0.0,3,0.001,0.013186862210208873,0.011219409804152796,1.175361488636637,0.02440627201436167
extended,0.0,3,0.003,0.01317302298685586,0.011194351073397784,1.1767562853181752,0.024367374060253646
extended,0.0,3,0.01,0.013124248354627794,0.01110735572661987,1.181581708236161,0.024231604081247665
extended,0.0,3,0.03,0.012982355983484383,0.010864755321559784,1.1949055085048783,0.023847111305044168
extended,0.0,3,0.1,0.01246764645055659,0.010080355998683205,1.2368260060407004,0.022548002449239796
extended,0.0,3,0.3,0.011013844595614213,0.00828899444709152,1.3287310860909154,0.01930283904270573
extended,0.0,3,1.0,0.007356601959113651,0.0048400659623756516,1.5199383675306086,0.012196667921489303
extended,0.0,3,3.0,0.003012674345883303,0.0016739758582320228,1.7997119428385546,0.004686650204115326
extended,0.0,3,10.0,0.0004799135587435523,0.00022881574371884643,2.097379965409453,0.0007087293024623987
extended,0.0,4,0.001,0.013186862210208873,0.011219409804152796,1.175361488636637,0.02440627201436167
extended,0.0,4,0.003,0.01317302298685586,0.011194351073397784,1.1767562853181752,0.024367374060253646
extended,0.0,4,0.01,0.013124248354627794,0.01110735572661987,1.181581708236161,0.024231604081247665
extended,0.0,4,0.03,0.012982355983484383,0.010864755321559784,1.1949055085048783,0.023847111305044168
extended,0.0,4,0.1,0.01246764645055659,0.010080355998683205,1.2368260060407004,0.022548002449239796
extended,0.0,4,0.3,0.011013844595614213,0.00828899444709152,1.3287310860909154,0.01930283904270573
extended,0.0,4,1.0,0.007356601959113651,0.0048400659623756516,1.5199383675306086,0.012196667921489303
extended,0.0,4,3.0,0.003012674345883303,0.0016739758582320228,1.7997119428385546,0.004686650204115326
extended,0.0,4,10.0,0.0004799135587435523,0.00022881574371884643,2.097379965409453,0.0007087293024623987
extended,0.0,5,0.001,0.013186862210208873,0.011219409804152796,1.175361488636637,0.02440627201436167
extended,0.0,5,0.003,0.01317302298685586,0.011194351073397784,1.1767562853181752,0.024367374060253646
extended,0.0,5,0.01,0.013124248354627794,0.01110735572661987,1.181581708236161,0.024231604081247665
extended,0.0,5,0.03,0.012982355983484383,0.010864755321559784,1.1949055085048783,0.023847111305044168
extended,0.0,5,0.1,0.01246764645055659,0.010080355998683205,1.2368260060407004,0.022548002449239796
extended,0.0,5,0.3,0.011013844595614213,0.00828899444709152,1.3287310860909154,0.01930283904270573
extended,0.0,5,1.0,0.007356601959113651,0.0048400659623756516,1.5199383675306086,0.012196667921489303
extended,0.0,5,3.0,0.003012674345883303,0.0016739758582320228,1.7997119428385546,0.004686650204115326
extended,0.0,5,10.0,0.0004799135587435523,0.00022881574371884643,2.097379965409453,0.0007087293024623987
extended,0.0,6,0.001,0.013186862210208873,0.011219409804152796,1.175361488636637,0.02440627201436167
extended,0.0,6,0.003,0.01317302298685586,0.011194351073397784,1.1767562853181752,0.024367374060253646
extended,0.0,6,0.01,0.013124248354627794,0.01110735572661987,1.181581708236161,0.024231604081247665
extended,0.0,6,0.03,0.012982355983484383,0.010864755321559784,1.1949055085048783,0.023847111305044168
extended,0.0,6,0.1,0.01246764645055659,0.010080355998683205,1.2368260060407004,0.022548002449239796
extended,0.0,6,0.3,0.011013844595614213,0.00828899444709152,1.3287310860909154,0.01930283904270573
extended,0.0,6,1.0,0.007356601959113651,0.0048400659623756516,1.5199383675306086,0.012196667921489303
extended,0.0,6,3.0,0.003012674345883303,0.0016739758582320228,1.7997119428385546,0.004686650204115326
extended,0.0,6,10.0,0.0004799135587435523,0.00022881574371884643,2.097379965409453,0.0007087293024623987
extended,0.0,7,0.001,0.013186862210208873,0.011219409804152796,1.175361488636637,0.02440627201436167
extended,0.0,7,0.003,0.01317302298685586,0.011194351073397784,1.1767562853181752,0.024367374060253646
extended,0.0,7,0.01,0.013124248354627794,0.01110735572661987,1.181581708236161,0.024231604081247665
extended,0.0,7,0.03,0.012982355983484383,0.010864755321559784,1.1949055085048783,0.023847111305044168
extended,0.0,7,0.1,0.01246764645055659,0.010080355998683205,1.2368260060407004,0.022548002449239796
extended,0.0,7,0.3,0.011013844595614213,0.00828899444709152,1.3287310860909154,0.01930283904270573
extended,0.0,7,1.0,0.007356601959113651,0.0048400659623756516,1.5199383675306086,0.012196667921489303
extended,0.0,7,3.0,0.003012674345883303,0.0016739758582320228,1.7997119428385546,0.004686650204115326
extended,0.0,7,10.0,0.0004799135587435523,0.00022881574371884643,2.097379965409453,0.0007087293024623987
extended,0.0,8,0.001,0.013186862210208873,0.011219409804152796,1.175361488636637,0.02440627201436167
extended,0.0,8,0.003,0.01317302298685586,0.011194351073397784,1.1767562853181752,0.024367374060253646
extended,0.0,8,0.01,0.013124248354627794,0.01110735572661987,1.181581708236161,0.024231604081247665
extended,0.0,8,0.03,0.012982355983484383,0.010864755321559784,1.1949055085048783,0.023847111305044168
extended,0.0,8,0.1,0.01246764645055659,0.010080355998683205,1.2368260060407004,0.022548002449239796
extended,0.0,8,0.3,0.011013844595614213,0.00828899444709152,1.3287310860909154,0.01930283904270573
extended,0.0,8,1.0,0.007356601959113651,0.0048400659623756516,1.5199383675306086,0.012196667921489303
extended,0.0,8,3.0,0.003012674345883303,0.0016739758582320228,1.7997119428385546,0.004686650204115326
extended,0.0,8,10.0,0.0004799135587435523,0.00022881574371884643,2.097379965409453,0.0007087293024623987
extended,0.0,9,0.001,0.013186862210208873,0.011219409804152796,1.175361488636637,0.02440627201436167
extended,0.0,9,0.003,0.01317302298685586,0.011194351073397784,1.1767562853181752,0.024367374060253646
extended,0.0,9,0.01,0.013124248354627794,0.01110735572661987,1.181581708236161,0.024231604081247665
extended,0.0,9,0.03,0.012982355983484383,0.010864755321559784,1.1949055085048783,0.023847111305044168
extended,0.0,9,0.1,0.01246764645055659,0.010080355998683205,1.2368260060407004,0.022548002449239796
extended,0.0,9,0.3,0.011013844595614213,0.00828899444709152,1.3287310860909154,0.01930283904270573
extended,0.0,9,1.0,0.007356601959113651,0.0048400659623756516,1.5199383675306086,0.012196667921489303
extended,0.0,9,3.0,0.003012674345883303,0.0016739758582320228,1.7997119428385546,0.004686650204115326
extended,0.0,9,10.0,0.0004799135587435523,0.00022881574371884643,2.097379965409453,0.0007087293024623987
extended,1.0,0,0.001,0.007060433785665453,0.003998510530977363,1.7657659593993598,0.011058944316642817
extended,1.0,0,0.003,0.007060380295411081,0.004000545299855863,1.7648544796882082,0.011060925595266943
extended,1.0,0,0.01,0.007060306405343423,0.004007570804121541,1.761742149713384,0.011067877209464963
extended,1.0,0,0.03,0.007060776953396343,0.004026703352157529,1.7534882344535392,0.011087480305553872
extended,1.0,0,0.1,0.007061706669355453,0.004079553535194235,1.7309998769971362,0.011141260204549688
extended,1.0,0,0.3,0.006960908440148074,0.004090638663855339,1.7016678837836776,0.011051547104003414
extended,1.0,0,1.0,0.005701706513757809,0.0033101612889808456,1.7224860102786115,0.009011867802738655
extended,1.0,0,3.0,0.0027150406546310557,0.001437782599904754,1.888352698747753,0.00415282325453581
extended,1.0,0,10.0,0.0004711715141679524,0.0002228963204565211,2.1138595338365005,0.0006940678346244735
extended,1.0,1,0.001,0.008114074353611027,0.00800037275683249,1.0142120372662913,0.016114447110443516
extended,1.0,1,0.003,0.008106212013704175,0.00797386014282734,1.0165982181138817,0.016080072156531514
extended,1.0,1,0.01,0.008079267842089477,0.007882978631648361,1.024900385829813,0.01596224647373784
extended,1.0,1,0.03,0.008006893179427925,0.007638835158397958,1.0481824797040096,0.015645728337825883
extended,1.0,1,0.1,0.007796745631595122,0.006935715069822223,1.124144454029716,0.014732460701417344
extended,1.0,1,0.3,0.007384430434152226,0.005714294226434385,1.2922734007464123,0.013098724660586612
extended,1.0,1,1.0,0.006052954648677669,0.00389678876763783,1.5533186446730478,0.0099497434163155
extended,1.0,1,3.0,0.002846852883761161,0.0015745075685290899,1.8080909478336833,0.004421360452290251
extended,1.0,1,10.0,0.00047476561886367665,0.00022685746877262517,2.092792533300865,0.0007016230876363018
extended,1.0,2,0.001,0.010683287820087884,0.004913214703112548,2.1743987314752524,0.015596502523200433
extended,1.0,2,0.003,0.010664702185654627,0.004912150470744062,2.17108621712643,0.01557685265639869
extended,1.0,2,0.01,0.010600974081826274,0.004908467959833205,2.159731746527846,0.01550944204165948
extended,1.0,2,0.03,0.0104295681849579,0.004898229771793662,2.1292525399455666,0.01532779795675156
extended,1.0,2,0.1,0.009932003410138559,0.004863071336570794,2.0423314240542894,0.014795074746709352
extended,1.0,2,0.3,0.00900767308347729,0.00472876301497672,1.904868789796345,0.01373643609845401
extended,1.0,2,1.0,0.006913781802481341,0.0037840089805287616,1.8271050191028175,0.010697790783010103
extended,1.0,2,3.0,0.0030394638591134567,0.0015737819432094249,1.9313119395586305,0.004613245802322882
extended,1.0,2,10.0,0.0004813949899758247,0.0002270583778564885,2.120137527627152,0.0007084533678323132
extended,1.0,3,0.001,0.00723269397183347,0.005258374604489435,1.3754619087584519,0.012491068576322904
extended,1.0,3,0.003,0.007243395915441244,0.0052642906467572905,1.3759490879416199,0.012507686562198535
extended,1.0,3,0.01,0.007280102382564245,0.005284279771795719,1.3776905643874735,0.012564382154359965
extended,1.0,3,0.03,0.007378632555727635,0.005335477306387984,1.3829376699832483,0.01271410986211562
extended,1.0,3,0.1,0.00765332261150492,0.005453932759685726,1.4032667704804382,0.013107255371190646
extended,1.0,3,0.3,0.007950365842084452,0.005434691179552698,1.4628919248500727,0.01338505702163715
extended,1.0,3,1.0,0.0066034019276603175,0.0041164766636185585,1.604139283581291,0.010719878591278875
extended,1.0,3,3.0,0.0028932959380210815,0.0015964295004845925,1.812354341566899,0.0044897254385056744
extended,1.0,3,10.0,0.00047498812126253807,0.00022699139986186322,2.092537952799342,0.0007019795211244013
extended,1.0,4,0.001,0.007302220607160688,0.004987486370621383,1.4641083830744999,0.012289706977782072
extended,1.0,4,0.003,0.007297979911027285,0.0049918632518887686,1.4619751265830403,0.012289843162916054
extended,1.0,4,0.01,0.007283452459619107,0.005006544116586004,1.4547864332275084,0.01228999657620511
extended,1.0,4,0.03,0.007244335259993317,0.00504324954090086,1.4364419606456438,0.012287584800894178
extended,1.0,4,0.1,0.0071257101162960895,0.005118711835380063,1.3920904993423833,0.012244421951676153
extended,1.0,4,0.3,0.0068173845609419215,0.005034978130861702,1.3540048004977465,0.011852362691803623
extended,1.0,4,1.0,0.005492690619132834,0.0038097449168509197,1.4417476071419673,0.009302435535983753
extended,1.0,4,3.0,0.0026500773107678197,0.0015343028383753077,1.7272191921686075,0.004184380149143127
extended,1.0,4,10.0,0.0004671863014041198,0.0002250850967812344,2.0755985447698957,0.0006922713981853542
extended,1.0,5,0.001,0.005023573212372618,0.003703974798905886,1.3562654941659595,0.008727548011278504
extended,1.0,5,0.003,0.005030234994874896,0.003707102257056763,1.356918327230528,0.008737337251931659
extended,1.0,5,0.01,0.0050531449781453415,0.0037177470198674267,1.3591954884994673,0.008770891998012769
extended,1.0,5,0.03,0.0051152343499672875,0.0037456605119586483,1.3656428104657117,0.008860894861925936
extended,1.0,5,0.1,0.00529722303962508,0.0038171899598441403,1.3877284321615586,0.009114412999469221
extended,1.0,5,0.3,0.005587616824360331,0.0038578528757333874,1.4483747833047511,0.009445469700093719
extended,1.0,5,1.0,0.005255362601303651,0.003240219645246662,1.6219155412477202,0.008495582246550313
extended,1.0,5,3.0,0.0027356712759687893,0.0014558251331491068,1.8791207898520865,0.004191496409117896
extended,1.0,5,10.0,0.00047328643782523723,0.00022363647744695143,2.116320383472256,0.0006969229152721887
extended,1.0,6,0.001,0.005932540985907526,0.003382831828691723,1.7537203398160521,0.009315372814599248
extended,1.0,6,0.003,0.0059488114649628625,0.0033882418116209794,1.755722228208131,0.009337053276583842
extended,1.0,6,0.01,0.006004801736806386,0.0034068376280692687,1.7625735038176351,0.009411639364875653
extended,1.0,6,0.03,0.0061567722214440086,0.0034571452227238485,1.78088330776347,0.009613917444167857
extended,1.0,6,0.1,0.006602653371046968,0.0036031448670834,1.8324695822066903,0.010205798238130368
extended,1.0,6,0.3,0.0073011823645426225,0.0038166250305447353,1.912994413702609,0.011117807395087357
extended,1.0,6,1.0,0.006719545772204013,0.003385008292557659,1.985089899186551,0.010104554064761672
extended,1.0,6,3.0,0.003074841646663627,0.0014956826692100334,2.05581150862157,0.004570524315873661
extended,1.0,6,10.0,0.0004835366190818822,0.000224685873285253,2.1520561567123786,0.0007082224923671352
extended,1.0,7,0.001,0.00419811048612102,0.003485201045490167,1.204553318480379,0.007683311531611187
extended,1.0,7,0.003,0.0042092359496209725,0.003492703019240827,1.2051514042928102,0.0077019389688618
extended,1.0,7,0.01,0.00424768048705809,0.003518427617829799,1.2072666961586764,0.007766108104887889
extended,1.0,7,0.03,0.004353285402812314,0.003587525633364794,1.2134506750592473,0.007940811036177109
extended,1.0,7,0.1,0.004674351672416109,0.0037835973226307724,1.2354252507850283,0.008457948995046882
extended,1.0,7,0.3,0.005228303078790758,0.004054603872380572,1.2894732117028243,0.00928290695117133
extended,1.0,7,1.0,0.005030538780256864,0.003548872888507179,1.4175032290196898,0.008579411668764043
extended,1.0,7,3.0,0.002597948476296652,0.0015094468931239524,1.7211261200444157,0.004107395369420604
extended,1.0,7,10.0,0.0004669492315347182,0.0002242263785813758,2.0824901709000474,0.000691175610116094
extended,1.0,8,0.001,0.004828432158465194,0.004608258688571756,1.0477780184935535,0.009436690847036949
extended,1.0,8,0.003,0.004836732851787259,0.0046122560918172295,1.0486696216456002,0.009448988943604488
extended,1.0,8,0.01,0.004865323620080736,0.00462587952624413,1.0517618522977952,0.009491203146324866
extended,1.0,8,0.03,0.004943076651719593,0.0046616959310400415,1.0603601615767362,0.009604772582759633
extended,1.0,8,0.1,0.005170763735276015,0.004752723891214407,1.087957948440138,0.009923487626490422
extended,1.0,8,0.3,0.0054999361093674495,0.004776259659598579,1.1515153069961395,0.010276195768966028
extended,1.0,8,1.0,0.004949679290181602,0.0037681249680554846,1.3135655878797154,0.008717804258237087
extended,1.0,8,3.0,0.0025297984476398278,0.0015224050084014019,1.6617118519824927,0.00405220345604123
extended,1.0,8,10.0,0.0004633664157257117,0.00022445196995258756,2.064434603800345,0.0006878183856782993
extended,1.0,9,0.001,0.004530837350203688,0.004888389404029952,0.9268568795975302,0.00941922675423364
extended,1.0,9,0.003,0.0045349160341281005,0.0048922849639687445,0.926952552151073,0.009427200998096845
extended,1.0,9,0.01,0.0045490736634392825,0.004905489494301401,0.9273434726129772,0.009454563157740684
extended,1.0,9,0.03,0.004588462474738398,0.004939631530951312,0.9289078436435132,0.00952809400568971
extended,1.0,9,0.1,0.004712412307749311,0.00502106549166885,0.9385283491382065,0.009733477799418161
extended,1.0,9,0.3,0.004934264496293703,0.00501083159230524,0.9847196826343485,0.009945096088598943
extended,1.0,9,1.0,0.004636345280488887,0.003944798607246226,1.1753059511826658,0.008581143887735114
extended,1.0,9,3.0,0.0025078267466918333,0.0015863358259860477,1.5808927113854376,0.004094162572677881
extended,1.0,9,10.0,0.0004642355868349299,0.00022675905615410729,2.0472637021039986,0.0006909946429890371
extended,2.0,0,0.001,0.004938233421163807,0.004174275205295205,1.1830157757007682,0.009112508626459011
extended,2.0,0,0.003,0.004944319773251967,0.004171041439985938,1.18539214802988,0.009115361213237905
extended,2.0,0,0.01,0.00496503844716959,0.004159871673139179,1.1935556757762311,0.00912491012030877
extended,2.0,0,0.03,0.005019489948125499,0.004129141222164316,1.2156256414690694,0.009148631170289814
extended,2.0,0,0.1,0.005163286693414932,0.004032439354653864,1.2804375312366474,0.009195726048068797
extended,2.0,0,0.3,0.005316127503202949,0.0038013045163988097,1.3985008248801694,0.00911743201960176
extended,2.0,0,1.0,0.004789447155530906,0.003021984937834357,1.584867976667778,0.0078114320933652635
extended,2.0,0,3.0,0.0025724772730693125,0.0013894462793547172,1.8514406130279284,0.003961923552424029
extended,2.0,0,10.0,0.0004693467752180598,0.00022242164840372258,2.1101667777228728,0.0006917684236217823
extended,2.0,1,0.001,0.0047524786621741776,0.0033042503147812223,1.4382925650263731,0.0080567289769554
extended,2.0,1,0.003,0.004748064036482217,0.0033014576106304826,1.438172042480746,0.0080495216471127
extended,2.0,1,0.01,0.004733397912195231,0.003292109437469224,1.4378008995946934,0.008025507349664455
extended,2.0,1,0.03,0.00469772029961839,0.003268736914765294,1.4371668386528853,0.007966457214383684
extended,2.0,1,0.1,0.00462875821564204,0.0032155909360101413,1.4394735855132939,0.00784434915165218
extended,2.0,1,0.3,0.004641377373089203,0.003155081686198418,1.4710799380952175,0.007796459059287621
extended,2.0,1,1.0,0.004423507548368364,0.0027305488336689158,1.6200067518311654,0.007154056382037279
extended,2.0,1,3.0,0.0024674902342646503,0.0013145450991586033,1.8770677658506667,0.003782035333423254
extended,2.0,1,10.0,0.0004634169737938988,0.00021874490977000767,2.1185268821231857,0.0006821618835639064
extended,2.0,2,0.001,0.008514059181301105,0.003357106988787793,2.536129830595387,0.011871166170088899
extended,2.0,2,0.003,0.008500374712840814,0.0033610293642108656,2.529098615092735,0.01186140407705168
extended,2.0,2,0.01,0.008452751560152492,0.0033741782558969224,2.5051289281693436,0.011826929816049414
extended,2.0,2,0.03,0.008319086258051054,0.003407022041627482,2.441747119321661,0.011726108299678536
extended,2.0,2,0.1,0.007880626771344226,0.0034752657040193462,2.2676328776709624,0.011355892475363573
extended,2.0,2,0.3,0.006865360470312879,0.003423675823724092,2.005260083543729,0.010289036294036972
extended,2.0,2,1.0,0.004802111946549291,0.0026249142575389822,1.8294357352541217,0.007427026204088273
extended,2.0,2,3.0,0.0022742301425076037,0.0012247871235553964,1.8568370755311134,0.003499017266063
extended,2.0,2,10.0,0.000445367958331904,0.00021489578505792817,2.072483441866323,0.0006602637433898322
extended,2.0,3,0.001,0.0044251676359290965,0.001469291358526569,3.0117699986713062,0.005894458994455665
extended,2.0,3,0.003,0.004425177324285161,0.0014722762205629622,3.0056705796602565,0.005897453544848124
extended,2.0,3,0.01,0.004425588549097416,0.001482606810689033,2.985004867241669,0.0059081953597864495
extended,2.0,3,0.03,0.004429641261945208,0.001511125199903769,2.9313529145671997,0.005940766461848978
extended,2.0,3,0.1,0.004466062958878506,0.0015995220291155012,2.792123443623976,0.006065584987994007
extended,2.0,3,0.3,0.004598861921590971,0.0017672006166125841,2.6023428668805275,0.006366062538203555
extended,2.0,3,1.0,0.004347608749559079,0.0018242053407442524,2.383289123252989,0.006171814090303332
extended,2.0,3,3.0,0.0023913588996685073,0.0011145317701857541,2.1456175243208477,0.0035058906698542617
extended,2.0,3,10.0,0.00045722099495113205,0.00021370960818249712,2.139449867042191,0.0006709306031336291
extended,2.0,4,0.001,0.0026223094690391506,0.007795096478077967,0.3364050048742087,0.010417405947117117
extended,2.0,4,0.003,0.002634084641357629,0.0077663884398659075,0.33916467884832496,0.010400473081223537
extended,2.0,4,0.01,0.0026747688437574724,0.007667584532843279,0.348841128774198,0.010342353376600751
extended,2.0,4,0.03,0.0027865123817481614,0.007398978331099691,0.3766077229418513,0.010185490712847852
extended,2.0,4,0.1,0.0031271548393070527,0.006596073562315319,0.474093384388406,0.009723228401622371
extended,2.0,4,0.3,0.003739132681375231,0.005080639430856523,0.7359571037319036,0.008819772112231753
extended,2.0,4,1.0,0.0038940798830031007,0.00298027719041892,1.3066166778765689,0.006874357073422021
extended,2.0,4,3.0,0.0022344990415460713,0.0012768696298680394,1.7499821340625181,0.003511368671414111
extended,2.0,4,10.0,0.00044794620414652527,0.00021622204941923316,2.0716952932321284,0.0006641682535657584
extended,2.0,5,0.001,0.002451726235316741,0.0018124249960764006,1.3527325209438124,0.0042641512313931415
extended,2.0,5,0.003,0.0024584048235194588,0.0018145209587294077,1.3548506068985122,0.004272925782248867
extended,2.0,5,0.01,0.0024816062926668807,0.001821839419270146,1.3621432630428554,0.004303445711937026
extended,2.0,5,0.03,0.0025463767338636868,0.0018425390258212874,1.3819933780489015,0.004388915759684974
extended,2.0,5,0.1,0.0027545153113330027,0.0019106474961365315,1.4416658831423208,0.004665162807469534
extended,2.0,5,0.3,0.0031885895971606477,0.0020452896947518004,1.5589916693872539,0.005233879291912448
extended,2.0,5,1.0,0.0034464676610408847,0.001955081049131251,1.7628259763499379,0.0054015487101721354
extended,2.0,5,3.0,0.002102518027726001,0.0010720225466548093,1.961262878589202,0.0031745405743808103
extended,2.0,5,10.0,0.00044314756041100354,0.0002084413547661817,2.126005939570373,0.0006515889151771853
extended,2.0,6,0.001,0.004209375277676639,0.0034937829900570957,1.2048187561881256,0.007703158267733734
extended,2.0,6,0.003,0.004212329094409196,0.0034930514002360085,1.20591672167168,0.0077053804946452045
extended,2.0,6,0.01,0.004222099293485658,0.003490230287657766,1.2096907494059213,0.007712329581143424
extended,2.0,6,0.03,0.004245541643149136,0.003480123825103301,1.219939822630643,0.0077256654682524364
extended,2.0,6,0.1,0.004288060911333369,0.003426917836492737,1.2512879253827331,0.007714978747826106
extended,2.0,6,0.3,0.004253611724795075,0.0032125180626637645,1.3240740255773003,0.00746612978745884
extended,2.0,6,1.0,0.0038430645215711432,0.0025237025850829223,1.5227882012579077,0.0063667671066540655
extended,2.0,6,3.0,0.0023033445379181624,0.0012725160077660762,1.8100711677110077,0.0035758605456842384
extended,2.0,6,10.0,0.00045852135419314577,0.00021885809341428637,2.0950623527096512,0.0006773794476074321
extended,2.0,7,0.001,0.0058467274697352,0.0021557677126474236,2.7121324030977827,0.008002495182382623
extended,2.0,7,0.003,0.005848484733434246,0.0021650558807810526,2.7013089050722665,0.008013540614215298
extended,2.0,7,0.01,0.005853741188536341,0.002196899146930778,2.664547070378666,0.008050640335467119
extended,2.0,7,0.03,0.005861685916274793,0.0022823649261452645,2.5682509604660244,0.008144050842420057
extended,2.0,7,0.1,0.005826223591048611,0.002524036251859385,2.3082963188220074,0.008350259842907996
extended,2.0,7,0.3,0.0054814607289593266,0.0028643682126645053,1.913671818731247,0.008345828941623832
extended,2.0,7,1.0,0.00427914983647282,0.0026215130941912145,1.6323206030602326,0.006900662930664035
extended,2.0,7,3.0,0.0022993143267040963,0.0012866853968254977,1.78700584508843,0.003585999723529594
extended,2.0,7,10.0,0.0004530304392066243,0.0002176759449547498,2.0812149786214764,0.0006707063841613741
extended,2.0,8,0.001,0.004103539272417766,0.004259696653656213,0.963340727075541,0.008363235926073978
extended,2.0,8,0.003,0.004119256516377819,0.004268262835531446,0.9650897037365402,0.008387519351909265
extended,2.0,8,0.01,0.004172837487605328,0.004297030501570786,0.9710979442917248,0.008469867989176115
extended,2.0,8,0.03,0.004314293075149618,0.004369443070096164,0.9873782550661059,0.008683736145245782
extended,2.0,8,0.1,0.004694520853083138,0.004529524777225001,1.0364267959524869,0.00922404563030814
extended,2.0,8,0.3,0.0051548491314612095,0.0045276338405539586,1.1385304801264537,0.009682482972015169
extended,2.0,8,1.0,0.004570059479974404,0.003389181191674431,1.348425835081462,0.007959240671648835
extended,2.0,8,3.0,0.0023712792925406996,0.0013916830186306553,1.7038932422772706,0.003762962311171355
extended,2.0,8,10.0,0.0004578913693927152,0.0002199025311572733,2.0822469159438026,0.0006777939005499885
extended,2.0,9,0.001,0.008451929853086279,0.003974368459122053,2.1266095325310426,0.012426298312208331
extended,2.0,9,0.003,0.008454530306338323,0.0039674491207812,2.1309738441063186,0.012421979427119523
extended,2.0,9,0.01,0.008462603568033938,0.003943663300416265,2.145873752709774,0.012406266868450203
extended,2.0,9,0.03,0.008477396588215912,0.0038792047691665918,2.1853439275524122,0.012356601357382504
extended,2.0,9,0.1,0.00845091279046046,0.003687695895549715,2.291651217327142,0.012138608686010176
extended,2.0,9,0.3,0.008013797720073513,0.0033180095834600275,2.4152424868229176,0.01133180730353354
extended,2.0,9,1.0,0.00601234782372835,0.002578268764732369,2.3319321490599196,0.008590616588460718
extended,2.0,9,3.0,0.002771903820909011,0.0012652439108056669,2.1908058952468266,0.004037147731714678
extended,2.0,9,10.0,0.000472990920811407,0.00021763759188889992,2.17329604933124,0.0006906285127003069
extended,3.0,0,0.001,0.006734718953666296,0.0031545047538653,2.1349528617064566,0.009889223707531595
extended,3.0,0,0.003,0.006719811387148328,0.003155379621587439,2.1296364275934647,0.009875191008735767
extended,3.0,0,0.01,0.006668509885669582,0.0031581539647305245,2.1115214641307283,0.009826663850400107
extended,3.0,0,0.03,0.006529086534489249,0.003163756971773091,2.063713044547282,0.00969284350626234
extended,3.0,0,0.1,0.006112610825119196,0.003161086750953112,1.9337054958527957,0.009273697576072309
extended,3.0,0,0.3,0.005321575772056245,0.00304530050668345,1.7474714756818368,0.008366876278739695
extended,3.0,0,1.0,0.004038008833204151,0.0024215808920792833,1.6675093715615739,0.006459589725283434
extended,3.0,0,3.0,0.0021747478428907887,0.0011952310544586858,1.8195208641530825,0.0033699788973494743
extended,3.0,0,10.0,0.000445188465587717,0.00021352306787969066,2.0849665936496913,0.0006587115334674076
extended,3.0,1,0.001,0.005200708166911467,0.0036297855760357256,1.4327866086124679,0.008830493742947193
extended,3.0,1,0.003,0.005197148827902121,0.003625754579389403,1.4333978521359139,0.008822903407291523
extended,3.0,1,0.01,0.005184666180105931,0.003611577084277734,1.4355684670945421,0.008796243264383665
extended,3.0,1,0.03,0.005148791160259938,0.0035705928308608823,1.4419989628379295,0.00871938399112082
extended,3.0,1,0.1,0.005021186917487749,0.0034251541082164923,1.4659740138338917,0.008446341025704242
extended,3.0,1,0.3,0.004655684181879982,0.003039947097496636,1.5315017107312119,0.007695631279376618
extended,3.0,1,1.0,0.003632143222053453,0.0021886996192276597,1.6594982648535628,0.005820842841281112
extended,3.0,1,3.0,0.002012475507922766,0.001105200021966423,1.8209151882942975,0.0031176755298891893
extended,3.0,1,10.0,0.0004402303179796441,0.00021132673978529275,2.083173744807415,0.0006515570577649368
extended,3.0,2,0.001,0.012578704797882886,0.004915731534910012,2.5588673234072954,0.0174944363327929
extended,3.0,2,0.003,0.01255767046960945,0.004913024769471951,2.5559957574574055,0.017470695239081402
extended,3.0,2,0.01,0.012484001737373098,0.004903319980261238,2.546030400847294,0.017387321717634338
extended,3.0,2,0.03,0.012273542372828914,0.004873736831600976,2.518302237972679,0.01714727920442989
extended,3.0,2,0.1,0.011550498589968572,0.004752917421184047,2.4301913044096017,0.016303416011152618
extended,3.0,2,0.3,0.009756223854522851,0.004337709936382908,2.24916465032448,0.01409393379090576
extended,3.0,2,1.0,0.006231502647896092,0.003042270556742416,2.0483065294890523,0.009273773204638508
extended,3.0,2,3.0,0.002705040064581509,0.00130246141161287,2.0768677201383827,0.004007501476194379
extended,3.0,2,10.0,0.00047146882723364205,0.00021805471750816174,2.162158335573899,0.0006895235447418038
extended,3.0,3,0.001,0.0026495046249848143,0.0006040551662913515,4.386196441072558,0.0032535597912761657
extended,3.0,3,0.003,0.0026505476853355284,0.0006066062371918893,4.3694698775865115,0.0032571539225274178
extended,3.0,3,0.01,0.0026543735152128236,0.0006154641203058283,4.312799760904093,0.003269837635518652
extended,3.0,3,0.03,0.00266666616558352,0.0006401664476574758,4.165582515572185,0.0033068326132409957
extended,3.0,3,0.1,0.002720938815004971,0.0007196452169979566,3.7809447585500346,0.0034405840320029277
extended,3.0,3,0.3,0.0028970346419113753,0.0008910093652880519,3.251407618732934,0.003788044007199427
extended,3.0,3,1.0,0.0030452862892451555,0.0010650968980679255,2.859163604654289,0.004110383187313081
extended,3.0,3,3.0,0.0019598029655453373,0.0007480773328395128,2.6197865874195565,0.00270788029838485
extended,3.0,3,10.0,0.0004343471601015392,0.00018866480054508344,2.3022161873567466,0.0006230119606466226
extended,3.0,4,0.001,0.004137071684072637,0.0016757333511071189,2.468812641862475,0.005812805035179756
extended,3.0,4,0.003,0.004143576312499375,0.0016839807503977722,2.4605841302283524,0.005827557062897147
extended,3.0,4,0.01,0.004165637391880875,0.0017121001761976036,2.4330570414981585,0.005877737568078478
extended,3.0,4,0.03,0.004222913994541181,0.0017863904791061722,2.3639366877336903,0.006009304473647353
extended,3.0,4,0.1,0.0043661686366839895,0.0019874421783754414,2.1968783202820363,0.0063536108150594305
extended,3.0,4,0.3,0.004463383118038092,0.002251520815843998,1.9823858987431018,0.00671490393388209
extended,3.0,4,1.0,0.0038054268407338365,0.002109371071138563,1.8040575653081967,0.0059147979118724
extended,3.0,4,3.0,0.0020975147827531123,0.0011113896600214697,1.8872901704207887,0.003208904442774582
extended,3.0,4,10.0,0.00044338241011467066,0.00020868229611074494,2.124676679590955,0.0006520647062254155
extended,3.0,5,0.001,0.0046690085462731765,0.0024943029908466026,1.8718690397819626,0.0071633115371197795
extended,3.0,5,0.003,0.004669264975702394,0.0024940747312169843,1.8721431701254125,0.007163339706919378
extended,3.0,5,0.01,0.004670242453578406,0.002493221116735716,1.8731761977934027,0.0071634635703141224
extended,3.0,5,0.03,0.004673633658425025,0.002490353566377863,1.8766948274521422,0.007163987224802888
extended,3.0,5,0.1,0.004689458717582476,0.002476497720646835,1.8935849108974967,0.007165956438229311
extended,3.0,5,0.3,0.0047168626212704436,0.0024177192902009787,1.950955447324651,0.007134581911471422
extended,3.0,5,1.0,0.004255605349747028,0.002081332188502759,2.0446545588495004,0.006336937538249788
extended,3.0,5,3.0,0.0023113364850264623,0.0011138266272628665,2.075131287381091,0.003425163112289329
extended,3.0,5,10.0,0.0004531919879558476,0.00021006491369714067,2.157390198211983,0.0006632569016529883
extended,3.0,6,0.001,0.002467269711657811,0.001905121660993575,1.295071995074576,0.004372391372651386
extended,3.0,6,0.003,0.002480030742263878,0.0019132669367341226,1.2962282958806428,0.004393297678998
extended,3.0,6,0.01,0.002523961878032327,0.0019410822267472304,1.3002859136789746,0.004465044104779557
extended,3.0,6,0.03,0.0026433588702068425,0.0020148579712391057,1.3119331022966774,0.004658216841445948
extended,3.0,6,0.1,0.0029958319599184824,0.002215236839943107,1.3523754681883349,0.005211068799861589
extended,3.0,6,0.3,0.003576893272360181,0.002456045168158172,1.4563629843933972,0.0060329384405183525
extended,3.0,6,1.0,0.003592045875504403,0.0021286567599827456,1.687470681673474,0.005720702635487148
extended,3.0,6,3.0,0.0020864898156107937,0.001074886355202755,1.9411259651501436,0.0031613761708135487
extended,3.0,6,10.0,0.0004447911869907912,0.00020764380480635524,2.1420874331575064,0.0006524349917971465
extended,3.0,7,0.001,0.00209444477524444,0.003913281617340813,0.5352144260275498,0.006007726392585253
extended,3.0,7,0.003,0.002099657897722041,0.003909357442097992,0.5370851676479486,0.006009015339820033
extended,3.0,7,0.01,0.0021174993135480435,0.0038954633886304703,0.5435808533548849,0.006012962702178513
extended,3.0,7,0.03,0.0021651779534791514,0.003854557727701015,0.5617189067781366,0.006019735681180166
extended,3.0,7,0.1,0.0022993491943469084,0.0037023599118798786,0.6210496138821795,0.006001709106226787
extended,3.0,7,0.3,0.0025015626120654627,0.0032639802806407785,0.7664147440277874,0.005765542892706241
extended,3.0,7,1.0,0.0024844969813993113,0.002205298821057153,1.1266033231186856,0.004689795802456464
extended,3.0,7,3.0,0.0016384982236820587,0.0010214253303713553,1.6041292235059683,0.002659923554053414
extended,3.0,7,10.0,0.0004113288387069446,0.0002025353389228854,2.0308990957506805,0.00061386417762983
extended,3.0,8,0.001,0.001954189722469245,0.0015293631650070336,1.2777800367530607,0.0034835528874762782
extended,3.0,8,0.003,0.0019662827129071875,0.0015305191007663906,1.28471621859399,0.003496801813673578
extended,3.0,8,0.01,0.002007807446920384,0.001534568831068969,1.3083853946214814,0.0035423762779893527
extended,3.0,8,0.03,0.0021197863127213738,0.0015461292603142832,1.371027873128444,0.0036659155730356567
extended,3.0,8,0.1,0.0024415234856402087,0.0015851107276055683,1.540285761479914,0.004026634213245777
extended,3.0,8,0.3,0.002924294239417191,0.001666676081231632,1.7545666315086514,0.004590970320648823
extended,3.0,8,1.0,0.0028176683650422063,0.0016185795567024497,1.7408278460169395,0.004436247921744656
extended,3.0,8,3.0,0.0016505599293228407,0.0009508511756485786,1.7358762021418466,0.0026014111049714192
extended,3.0,8,10.0,0.00040513063134164153,0.00020040112860542547,2.021598541581641,0.0006055317599470669
extended,3.0,9,0.001,0.012034562480197478,0.0006963120116375927,17.28329005069322,0.01273087449183507
extended,3.0,9,0.003,0.012007322260778224,0.0006986435470032675,17.18662155414633,0.012705965807781492
extended,3.0,9,0.01,0.011913282713990477,0.0007067175831683826,16.857204321595056,0.01262000029715886
extended,3.0,9,0.03,0.011655144111823309,0.0007290592878628345,15.986551834491628,0.012384203399686143
extended,3.0,9,0.1,0.010854820692192256,0.0007992678058180947,13.58095571921703,0.011654088498010352
extended,3.0,9,0.3,0.009136535458545692,0.0009427889833448316,9.690965433685998,0.010079324441890523
extended,3.0,9,1.0,0.005826044398301134,0.0010772529835682322,5.408241593905854,0.006903297381869366
extended,3.0,9,3.0,0.0025189342881873724,0.0007743062566904752,3.2531498527476748,0.0032932405448778475
extended,3.0,9,10.0,0.0004601592751504048,0.00019196114742377172,2.397147958995126,0.0006521204225741766
extended,5.0,0,0.001,0.0023080129353007725,0.0036677765155640105,0.629267602559092,0.0059757894508647835
extended,5.0,0,0.003,0.0023124312923925847,0.003655499942615431,0.6325896123815832,0.005967931235008016
extended,5.0,0,0.01,0.0023277102482186225,0.0036132344660490382,0.6442178799760219,0.005940944714267661
extended,5.0,0,0.03,0.0023697037651943995,0.0034982508922492966,0.6773967441178401,0.005867954657443697
extended,5.0,0,0.1,0.002495722438788848,0.0031545240160001185,0.7911565818928917,0.005650246454788966
extended,5.0,0,0.3,0.0026860167612136063,0.002512930759428409,1.0688781416148885,0.005198947520642015
extended,5.0,0,1.0,0.00248918470690942,0.0016339491476667376,1.5234162635603035,0.004123133854576157
extended,5.0,0,3.0,0.001513044224426173,0.0008071087530473201,1.874647272550168,0.002320152977473493
extended,5.0,0,10.0,0.00039290630726179933,0.0001841759037205353,2.133320902416563,0.0005770822109823346
extended,5.0,1,0.001,0.004500847962174034,0.002545618094789297,1.7680766685383325,0.007046466056963331
extended,5.0,1,0.003,0.004496243617878965,0.002538562580518668,1.7711769844134133,0.007034806198397633
extended,5.0,1,0.01,0.004480325964170947,0.002514348569245932,1.7819032799150518,0.0069946745334168794
extended,5.0,1,0.03,0.004436514407072307,0.0024491008253211726,1.8114870402197591,0.00688561523239348
extended,5.0,1,0.1,0.0043010408101882645,0.0022602252511212235,1.9029257398800115,0.006561266061309488
extended,5.0,1,0.3,0.004014655226961672,0.0019377196719771366,2.071845212157807,0.005952374898938809
extended,5.0,1,1.0,0.0032174959968245534,0.0015007770745631528,2.1438866899117697,0.004718273071387706
extended,5.0,1,3.0,0.0016764225487152981,0.0008293176530980846,2.0214480427749644,0.0025057402018133826
extended,5.0,1,10.0,0.00039793324579040826,0.00019065191253793236,2.087223980110931,0.0005885851583283406
extended,5.0,2,0.001,0.004475407193267919,0.001144208199796202,3.9113573824708547,0.005619615393064121
extended,5.0,2,0.003,0.004476547070243508,0.0011437389668269753,3.9139586882736337,0.005620286037070483
extended,5.0,2,0.01,0.004480135622305175,0.0011421468515380485,3.9225565542202703,0.0056222824738432235
extended,5.0,2,0.03,0.004487195000981085,0.001137987611755719,3.9430965246757115,0.005625182612736804
extended,5.0,2,0.1,0.004482712656703999,0.0011267135662371849,3.9785734254501453,0.0056094262229411836
extended,5.0,2,0.3,0.004347362747532955,0.0011053240002625929,3.9331116872220604,0.005452686747795548
extended,5.0,2,1.0,0.0036808483638937546,0.0010181424582106787,3.615258680742335,0.004698990822104433
extended,5.0,2,3.0,0.002031936414593999,0.0006737358597323403,3.015924389693783,0.0027056722743263395
extended,5.0,2,10.0,0.0004303458772730498,0.00017821003338415426,2.4148240516321593,0.000608555910657204
extended,5.0,3,0.001,0.00045558716574392924,0.0019651817757694355,0.23182952901836362,0.002420768941513365
extended,5.0,3,0.003,0.0004603769858145919,0.0019652714867156363,0.23425617717057412,0.0024256484725302284
extended,5.0,3,0.01,0.00047699247690132705,0.0019656659104738987,0.24266202823025396,0.0024426583873752255
extended,5.0,3,0.03,0.0005232098228711515,0.001967319445387894,0.26595061815293564,0.0024905292682590456
extended,5.0,3,0.1,0.0006711217772665038,0.001974432907414623,0.33990609374789194,0.0026455546846811265
extended,5.0,3,0.3,0.0009940484049641915,0.0019538597034339444,0.5087614032411701,0.002947908108398136
extended,5.0,3,1.0,0.0014584762192454985,0.0015570658834729303,0.9366824061778192,0.0030155421027184288
extended,5.0,3,3.0,0.0012566585306018315,0.0008130896125599089,1.545535091882268,0.0020697481431617404
extended,5.0,3,10.0,0.0003765772703206087,0.000189702677011955,1.9850920095966011,0.0005662799473325637
extended,5.0,4,0.001,0.0009209232266965921,0.0019424346468467765,0.47410770175328776,0.0028633578735433687
extended,5.0,4,0.003,0.0009261247161583149,0.001941975846546081,0.47689816396459533,0.002868100562704396
extended,5.0,4,0.01,0.0009440355964082957,0.0019401567557542163,0.4865769701967893,0.002884192352162512
extended,5.0,4,0.03,0.000992768047527279,0.0019333049849253406,0.5135082435284306,0.0029260730324526195
extended,5.0,4,0.1,0.0011377440482247772,0.001895520953145416,0.600227629104592,0.0030332650013701933
extended,5.0,4,0.3,0.0013904219703975889,0.0017471404903240313,0.7958272258597182,0.00313756246072162
extended,5.0,4,1.0,0.001511884884531638,0.0013370360657507302,1.1307734489211096,0.002848920950282368
extended,5.0,4,3.0,0.0011055937742817754,0.0007422128230663671,1.4895913118619404,0.0018478065973481425
extended,5.0,4,10.0,0.0003619413268161595,0.00018306978414061621,1.9770675239398559,0.0005450111109567756
extended,5.0,5,0.001,0.0015429525559160252,0.0042937845931409445,0.3593455894414105,0.00583673714905697
extended,5.0,5,0.003,0.0015443145931387063,0.004273484520207875,0.36137128506603666,0.0058177991133465815
extended,5.0,5,0.01,0.001549026979022872,0.00420360982781212,0.36849922854533923,0.005752636806834991
extended,5.0,5,0.03,0.0015620326326943217,0.0040136472593464865,0.38918034679496866,0.0055756798920408085
extended,5.0,5,0.1,0.0016025058121633881,0.0034477745460689026,0.4647942579440832,0.005050280358232291
extended,5.0,5,0.3,0.0016787749732331079,0.0024160166773982586,0.694852394125889,0.004094791650631367
extended,5.0,5,1.0,0.0016449239973528732,0.0012577492466909251,1.3078314301302536,0.0029026732440437983
extended,5.0,5,3.0,0.0011558687653113256,0.0006430696371574757,1.7974239440430169,0.0017989384024688013
extended,5.0,5,10.0,0.0003645087655090978,0.0001717954916335884,2.1217597733284843,0.0005363042571426862
extended,5.0,6,0.001,0.0015337493891255083,0.00048824221748549603,3.141369859171797,0.0020219916066110044
extended,5.0,6,0.003,0.0015380288013002025,0.0004906795527071458,3.1344872426010033,0.0020287083540073483
extended,5.0,6,0.01,0.0015527289714023752,0.0004990871000810696,3.1111382522990843,0.0020518160714834447
extended,5.0,6,0.03,0.0015924205499966483,0.0005220809397465389,3.0501411289207363,0.0021145014897431874
extended,5.0,6,0.1,0.001707113979379254,0.0005915898439045775,2.8856377337826156,0.0022987038232838318
extended,5.0,6,0.3,0.001885851466048196,0.0007180554449714598,2.626331262618335,0.002603906911019656
extended,5.0,6,1.0,0.0018920422703696742,0.0007869074405824053,2.4044025642519467,0.0026789497109520792
extended,5.0,6,3.0,0.0013328331780189725,0.0005431736699944746,2.453788261825619,0.0018760068480134472
extended,5.0,6,10.0,0.00038819604993340387,0.0001637815267719481,2.37020655024011,0.000551977576705352
extended,5.0,7,0.001,0.0021939507099679127,0.0015236150170694184,1.4399639567401223,0.0037175657270373313
extended,5.0,7,0.003,0.002198847964569923,0.0015265398494141867,1.4404130779640787,0.0037253878139841094
extended,5.0,7,0.01,0.002215387336054767,0.00153626592790948,1.4420597986101027,0.003751653263964247
extended,5.0,7,0.03,0.0022577921515297677,0.001559978797461206,1.447322331404054,0.0038177709489909738
extended,5.0,7,0.1,0.002359735761246816,0.0016053921994837433,1.469881167066696,0.003965127960730559
extended,5.0,7,0.3,0.002423114649511892,0.0015719056099683846,1.5415140913067378,0.003995020259480276
extended,5.0,7,1.0,0.0021128056418226724,0.0012467381358797942,1.6946667301847214,0.0033595437777024667
extended,5.0,7,3.0,0.0013931086470570996,0.0007471393921576409,1.864590007989532,0.0021402480392147404
extended,5.0,7,10.0,0.0003930764422789757,0.00018820680081959397,2.0885347313630036,0.0005812832430985696
extended,5.0,8,0.001,0.0010411913814716695,0.0011128605197532043,0.935599171733554,0.002154051901224874
extended,5.0,8,0.003,0.001044128869020192,0.001115664261508295,0.9358808954521198,0.002159793130528487
extended,5.0,8,0.01,0.001054274532367462,0.0011253226763467698,0.936864202233246,0.002179597208714232
extended,5.0,8,0.03,0.0010821446283427647,0.0011516125210171274,0.9396777194184334,0.002233757149359892
extended,5.0,8,0.1,0.0011681820914641434,0.001229280727687943,0.9502972463507074,0.0023974628191520864
extended,5.0,8,0.3,0.0013432890555542948,0.0013529495365146383,0.9928596878948718,0.002696238592068933
extended,5.0,8,1.0,0.0015698831080920347,0.0012936179924268045,1.2135600432809392,0.002863501100518839
extended,5.0,8,3.0,0.001246219842993004,0.0007647883567102374,1.62949635729833,0.0020110081997032412
extended,5.0,8,10.0,0.0003714087153598072,0.00018446270737043567,2.0134623341534645,0.0005558714227302428
extended,5.0,9,0.001,0.00112644710253647,0.0015585245732521388,0.7227650568660413,0.0026849716757886086
extended,5.0,9,0.003,0.0011305852489045668,0.0015627917251495144,0.7234394897202073,0.0026933769740540812
extended,5.0,9,0.01,0.0011449069349001044,0.0015773568898148995,0.7258388647280823,0.0027222638247150037
extended,5.0,9,0.03,0.001184463116742823,0.0016159395818219604,0.7329872535669694,0.0028004026985647837
extended,5.0,9,0.1,0.0013079932308542458,0.0017203721710797898,0.7602966684080855,0.0030283654019340354
extended,5.0,9,0.3,0.0015577823681874607,0.0018431538449937737,0.8451721876464148,0.003400936213181234
extended,5.0,9,1.0,0.0018239717472006175,0.0016026019173556157,1.1381315137025065,0.0034265736645562334
extended,5.0,9,3.0,0.001369984816621688,0.0008247289410092854,1.6611334304383654,0.002194713757630973
extended,5.0,9,10.0,0.0003764669156417061,0.00018555525442521888,2.028866898859823,0.000562022170066925
