p_transport,modular_cost,best_global_strategy,best_global_fitness,best_modular_strategy,best_modular_fitness,winner,modular_gain
0.0,0.0,G(0.01),0.6787101733627088,"M(0.01,0.01)",0.6787101733627088,tie,1.0
0.0,0.005,G(0.01),0.6787101733627088,"M(0.01,0.01)",0.6737101733627088,global,0.992633085231024
0.0,0.01,G(0.01),0.6787101733627088,"M(0.01,0.01)",0.6687101733627088,global,0.985266170462048
0.0,0.015,G(0.01),0.6787101733627088,"M(0.01,0.01)",0.6637101733627088,global,0.977899255693072
0.0,0.02,G(0.01),0.6787101733627088,"M(0.01,0.01)",0.6587101733627088,global,0.970532340924096
0.0,0.025,G(0.01),0.6787101733627088,"M(0.01,0.01)",0.6537101733627088,global,0.96316542615512
0.0,0.03,G(0.01),0.6787101733627088,"M(0.01,0.01)",0.6487101733627088,global,0.9557985113861439
0.0,0.035,G(0.01),0.6787101733627088,"M(0.01,0.01)",0.6437101733627087,global,0.9484315966171679
0.0,0.04,G(0.01),0.6787101733627088,"M(0.01,0.01)",0.6387101733627087,global,0.9410646818481919
0.0,0.045,G(0.01),0.6787101733627088,"M(0.01,0.01)",0.6337101733627087,global,0.9336977670792159
0.0,0.05,G(0.01),0.6787101733627088,"M(0.01,0.01)",0.6287101733627087,global,0.9263308523102399
0.0,0.055,G(0.01),0.6787101733627088,"M(0.01,0.01)",0.6237101733627087,global,0.9189639375412639
0.0,0.06,G(0.01),0.6787101733627088,"M(0.01,0.01)",0.6187101733627087,global,0.9115970227722879
0.0,0.065,G(0.01),0.6787101733627088,"M(0.01,0.01)",0.6137101733627088,global,0.904230108003312
0.0,0.07,G(0.01),0.6787101733627088,"M(0.01,0.01)",0.6087101733627087,global,0.8968631932343359
0.0,0.075,G(0.01),0.6787101733627088,"M(0.01,0.01)",0.6037101733627088,global,0.8894962784653601
0.0,0.08,G(0.01),0.6787101733627088,"M(0.01,0.01)",0.5987101733627088,global,0.8821293636963841
0.0,0.085,G(0.01),0.6787101733627088,"M(0.01,0.01)",0.5937101733627088,global,0.8747624489274081
0.0,0.09,G(0.01),0.6787101733627088,"M(0.01,0.01)",0.5887101733627088,global,0.8673955341584321
0.0,0.095,G(0.01),0.6787101733627088,"M(0.01,0.01)",0.5837101733627088,global,0.8600286193894561
0.0,0.1,G(0.01),0.6787101733627088,"M(0.01,0.01)",0.5787101733627088,global,0.8526617046204801
0.0,0.105,G(0.01),0.6787101733627088,"M(0.01,0.01)",0.5737101733627088,global,0.8452947898515041
0.0,0.11,G(0.01),0.6787101733627088,"M(0.01,0.01)",0.5687101733627088,global,0.8379278750825281
0.0,0.115,G(0.01),0.6787101733627088,"M(0.01,0.01)",0.5637101733627088,global,0.8305609603135521
0.0,0.12,G(0.01),0.6787101733627088,"M(0.01,0.01)",0.5587101733627088,global,0.823194045544576
0.0,0.125,G(0.01),0.6787101733627088,"M(0.01,0.01)",0.5537101733627088,global,0.8158271307756
0.0,0.13,G(0.01),0.6787101733627088,"M(0.01,0.01)",0.5487101733627088,global,0.808460216006624
0.0,0.135,G(0.01),0.6787101733627088,"M(0.01,0.01)",0.5437101733627088,global,0.801093301237648
0.0,0.14,G(0.01),0.6787101733627088,"M(0.01,0.01)",0.5387101733627088,global,0.793726386468672
0.0,0.145,G(0.01),0.6787101733627088,"M(0.01,0.01)",0.5337101733627088,global,0.786359471699696
0.0,0.15,G(0.01),0.6787101733627088,"M(0.01,0.01)",0.5287101733627088,global,0.77899255693072
0.0,0.155,G(0.01),0.6787101733627088,"M(0.01,0.01)",0.5237101733627088,global,0.771625642161744
0.0,0.16,G(0.01),0.6787101733627088,"M(0.01,0.01)",0.5187101733627087,global,0.764258727392768
0.0,0.165,G(0.01),0.6787101733627088,"M(0.01,0.01)",0.5137101733627087,global,0.756891812623792
0.0,0.17,G(0.01),0.6787101733627088,"M(0.01,0.01)",0.5087101733627087,global,0.749524897854816
0.0,0.175,G(0.01),0.6787101733627088,"M(0.01,0.01)",0.5037101733627087,global,0.74215798308584
0.0,0.18,G(0.01),0.6787101733627088,"M(0.01,0.01)",0.4987101733627088,global,0.734791068316864
0.0,0.185,G(0.01),0.6787101733627088,"M(0.01,0.01)",0.4937101733627088,global,0.727424153547888
0.0,0.19,G(0.01),0.6787101733627088,"M(0.01,0.01)",0.4887101733627088,global,0.720057238778912
0.0,0.195,G(0.01),0.6787101733627088,"M(0.01,0.01)",0.4837101733627088,global,0.712690324009936
0.0,0.2,G(0.01),0.6787101733627088,"M(0.01,0.01)",0.47871017336270877,global,0.70532340924096
0.05,0.0,G(0.01),0.6539201742567389,"M(0.5,0.01)",0.6945091753616739,modular,1.0620702689759793
0.05,0.005,G(0.01),0.6539201742567389,"M(0.5,0.01)",0.6895091753616739,modular,1.0544240757602965
0.05,0.01,G(0.01),0.6539201742567389,"M(0.5,0.01)",0.6845091753616739,modular,1.0467778825446137
0.05,0.015,G(0.01),0.6539201742567389,"M(0.5,0.01)",0.6795091753616739,modular,1.0391316893289309
0.05,0.02,G(0.01),0.6539201742567389,"M(0.5,0.01)",0.6745091753616739,modular,1.031485496113248
0.05,0.025,G(0.01),0.6539201742567389,"M(0.5,0.01)",0.6695091753616739,modular,1.0238393028975652
0.05,0.03,G(0.01),0.6539201742567389,"M(0.5,0.01)",0.6645091753616739,modular,1.0161931096818824
0.05,0.035,G(0.01),0.6539201742567389,"M(0.5,0.01)",0.6595091753616739,modular,1.0085469164661995
0.05,0.04,G(0.01),0.6539201742567389,"M(0.5,0.01)",0.6545091753616739,modular,1.0009007232505167
0.05,0.045,G(0.01),0.6539201742567389,"M(0.5,0.01)",0.6495091753616739,global,0.9932545300348339
0.05,0.05,G(0.01),0.6539201742567389,"M(0.5,0.01)",0.6445091753616738,global,0.985608336819151
0.05,0.055,G(0.01),0.6539201742567389,"M(0.5,0.01)",0.6395091753616738,global,0.9779621436034682
0.05,0.06,G(0.01),0.6539201742567389,"M(0.5,0.01)",0.6345091753616738,global,0.9703159503877854
0.05,0.065,G(0.01),0.6539201742567389,"M(0.5,0.01)",0.629509175361674,global,0.9626697571721028
0.05,0.07,G(0.01),0.6539201742567389,"M(0.5,0.01)",0.6245091753616738,global,0.9550235639564197
0.05,0.075,G(0.01),0.6539201742567389,"M(0.5,0.01)",0.6195091753616739,global,0.9473773707407371
0.05,0.08,G(0.01),0.6539201742567389,"M(0.5,0.01)",0.6145091753616739,global,0.9397311775250543
0.05,0.085,G(0.01),0.6539201742567389,"M(0.5,0.01)",0.6095091753616739,global,0.9320849843093715
0.05,0.09,G(0.01),0.6539201742567389,"M(0.5,0.01)",0.6045091753616739,global,0.9244387910936886
0.05,0.095,G(0.01),0.6539201742567389,"M(0.5,0.01)",0.5995091753616739,global,0.9167925978780058
0.05,0.1,G(0.01),0.6539201742567389,"M(0.5,0.01)",0.5945091753616739,global,0.909146404662323
0.05,0.105,G(0.01),0.6539201742567389,"M(0.5,0.01)",0.5895091753616739,global,0.9015002114466402
0.05,0.11,G(0.01),0.6539201742567389,"M(0.5,0.01)",0.5845091753616739,global,0.8938540182309574
0.05,0.115,G(0.01),0.6539201742567389,"M(0.5,0.01)",0.5795091753616739,global,0.8862078250152746
0.05,0.12,G(0.01),0.6539201742567389,"M(0.5,0.01)",0.5745091753616739,global,0.8785616317995918
0.05,0.125,G(0.01),0.6539201742567389,"M(0.5,0.01)",0.5695091753616739,global,0.870915438583909
0.05,0.13,G(0.01),0.6539201742567389,"M(0.5,0.01)",0.5645091753616739,global,0.8632692453682261
0.05,0.135,G(0.01),0.6539201742567389,"M(0.5,0.01)",0.5595091753616739,global,0.8556230521525433
0.05,0.14,G(0.01),0.6539201742567389,"M(0.5,0.01)",0.5545091753616739,global,0.8479768589368605
0.05,0.145,G(0.01),0.6539201742567389,"M(0.5,0.01)",0.5495091753616739,global,0.8403306657211776
0.05,0.15,G(0.01),0.6539201742567389,"M(0.5,0.01)",0.5445091753616739,global,0.8326844725054948
0.05,0.155,G(0.01),0.6539201742567389,"M(0.5,0.01)",0.5395091753616739,global,0.825038279289812
0.05,0.16,G(0.01),0.6539201742567389,"M(0.5,0.01)",0.5345091753616739,global,0.8173920860741292
0.05,0.165,G(0.01),0.6539201742567389,"M(0.5,0.01)",0.5295091753616739,global,0.8097458928584463
0.05,0.17,G(0.01),0.6539201742567389,"M(0.5,0.01)",0.5245091753616739,global,0.8020996996427635
0.05,0.175,G(0.01),0.6539201742567389,"M(0.5,0.01)",0.5195091753616738,global,0.7944535064270807
0.05,0.18,G(0.01),0.6539201742567389,"M(0.5,0.01)",0.514509175361674,global,0.7868073132113981
0.05,0.185,G(0.01),0.6539201742567389,"M(0.5,0.01)",0.5095091753616738,global,0.7791611199957151
0.05,0.19,G(0.01),0.6539201742567389,"M(0.5,0.01)",0.504509175361674,global,0.7715149267800324
0.05,0.195,G(0.01),0.6539201742567389,"M(0.5,0.01)",0.4995091753616739,global,0.7638687335643495
0.05,0.2,G(0.01),0.6539201742567389,"M(0.5,0.01)",0.4945091753616739,global,0.7562225403486668
0.1,0.0,G(0.05),0.636973029894342,"M(0.5,0.01)",0.7103081773606391,modular,1.1151306947461521
0.1,0.005,G(0.05),0.636973029894342,"M(0.5,0.01)",0.7053081773606391,modular,1.107281068835257
0.1,0.01,G(0.05),0.636973029894342,"M(0.5,0.01)",0.7003081773606391,modular,1.099431442924362
0.1,0.015,G(0.05),0.636973029894342,"M(0.5,0.01)",0.6953081773606391,modular,1.0915818170134668
0.1,0.02,G(0.05),0.636973029894342,"M(0.5,0.01)",0.6903081773606391,modular,1.0837321911025717
0.1,0.025,G(0.05),0.636973029894342,"M(0.5,0.01)",0.6853081773606391,modular,1.0758825651916764
0.1,0.03,G(0.05),0.636973029894342,"M(0.5,0.01)",0.6803081773606391,modular,1.0680329392807812
0.1,0.035,G(0.05),0.636973029894342,"M(0.5,0.01)",0.6753081773606391,modular,1.0601833133698861
0.1,0.04,G(0.05),0.636973029894342,"M(0.5,0.01)",0.6703081773606391,modular,1.052333687458991
0.1,0.045,G(0.05),0.636973029894342,"M(0.5,0.01)",0.6653081773606391,modular,1.044484061548096
0.1,0.05,G(0.05),0.636973029894342,"M(0.5,0.01)",0.6603081773606391,modular,1.0366344356372008
0.1,0.055,G(0.05),0.636973029894342,"M(0.5,0.01)",0.6553081773606391,modular,1.0287848097263057
0.1,0.06,G(0.05),0.636973029894342,"M(0.5,0.01)",0.6503081773606392,modular,1.0209351838154108
0.1,0.065,G(0.05),0.636973029894342,"M(0.5,0.01)",0.6453081773606391,modular,1.0130855579045155
0.1,0.07,G(0.05),0.636973029894342,"M(0.5,0.01)",0.6403081773606392,modular,1.0052359319936204
0.1,0.075,G(0.05),0.636973029894342,"M(0.5,0.01)",0.6353081773606392,global,0.9973863060827254
0.1,0.08,G(0.05),0.636973029894342,"M(0.5,0.01)",0.6303081773606392,global,0.9895366801718302
0.1,0.085,G(0.05),0.636973029894342,"M(0.5,0.01)",0.6253081773606392,global,0.981687054260935
0.1,0.09,G(0.05),0.636973029894342,"M(0.5,0.01)",0.6203081773606391,global,0.97383742835004
0.1,0.095,G(0.05),0.636973029894342,"M(0.5,0.01)",0.6153081773606391,global,0.9659878024391448
0.1,0.1,G(0.05),0.636973029894342,"M(0.5,0.01)",0.6103081773606391,global,0.9581381765282497
0.1,0.105,G(0.05),0.636973029894342,"M(0.5,0.01)",0.6053081773606391,global,0.9502885506173545
0.1,0.11,G(0.05),0.636973029894342,"M(0.5,0.01)",0.6003081773606391,global,0.9424389247064594
0.1,0.115,G(0.05),0.636973029894342,"M(0.5,0.01)",0.5953081773606391,global,0.9345892987955643
0.1,0.12,G(0.05),0.636973029894342,"M(0.5,0.01)",0.5903081773606391,global,0.9267396728846692
0.1,0.125,G(0.05),0.636973029894342,"M(0.5,0.01)",0.5853081773606391,global,0.9188900469737741
0.1,0.13,G(0.05),0.636973029894342,"M(0.5,0.01)",0.5803081773606391,global,0.911040421062879
0.1,0.135,G(0.05),0.636973029894342,"M(0.5,0.01)",0.5753081773606391,global,0.9031907951519837
0.1,0.14,G(0.05),0.636973029894342,"M(0.5,0.01)",0.5703081773606391,global,0.8953411692410886
0.1,0.145,G(0.05),0.636973029894342,"M(0.5,0.01)",0.5653081773606391,global,0.8874915433301935
0.1,0.15,G(0.05),0.636973029894342,"M(0.5,0.01)",0.5603081773606391,global,0.8796419174192984
0.1,0.155,G(0.05),0.636973029894342,"M(0.5,0.01)",0.5553081773606391,global,0.8717922915084033
0.1,0.16,G(0.05),0.636973029894342,"M(0.5,0.01)",0.5503081773606391,global,0.8639426655975081
0.1,0.165,G(0.05),0.636973029894342,"M(0.5,0.01)",0.5453081773606391,global,0.856093039686613
0.1,0.17,G(0.05),0.636973029894342,"M(0.5,0.01)",0.5403081773606391,global,0.8482434137757179
0.1,0.175,G(0.05),0.636973029894342,"M(0.5,0.01)",0.5353081773606392,global,0.8403937878648229
0.1,0.18,G(0.05),0.636973029894342,"M(0.5,0.01)",0.5303081773606391,global,0.8325441619539277
0.1,0.185,G(0.05),0.636973029894342,"M(0.5,0.01)",0.5253081773606392,global,0.8246945360430327
0.1,0.19,G(0.05),0.636973029894342,"M(0.5,0.01)",0.5203081773606391,global,0.8168449101321373
0.1,0.195,G(0.05),0.636973029894342,"M(0.5,0.01)",0.5153081773606392,global,0.8089952842212424
0.1,0.2,G(0.05),0.636973029894342,"M(0.5,0.01)",0.510308177360639,global,0.8011456583103471
0.15,0.0,G(0.05),0.6256002455777505,"M(0.5,0.01)",0.7261071793596042,modular,1.1606568003966082
0.15,0.005,G(0.05),0.6256002455777505,"M(0.5,0.01)",0.7211071793596042,modular,1.1526644761682465
0.15,0.01,G(0.05),0.6256002455777505,"M(0.5,0.01)",0.7161071793596042,modular,1.144672151939885
0.15,0.015,G(0.05),0.6256002455777505,"M(0.5,0.01)",0.7111071793596042,modular,1.1366798277115235
0.15,0.02,G(0.05),0.6256002455777505,"M(0.5,0.01)",0.7061071793596042,modular,1.1286875034831618
0.15,0.025,G(0.05),0.6256002455777505,"M(0.5,0.01)",0.7011071793596042,modular,1.1206951792548003
0.15,0.03,G(0.05),0.6256002455777505,"M(0.5,0.01)",0.6961071793596042,modular,1.1127028550264388
0.15,0.035,G(0.05),0.6256002455777505,"M(0.5,0.01)",0.6911071793596042,modular,1.1047105307980771
0.15,0.04,G(0.05),0.6256002455777505,"M(0.5,0.01)",0.6861071793596042,modular,1.0967182065697156
0.15,0.045,G(0.05),0.6256002455777505,"M(0.5,0.01)",0.6811071793596042,modular,1.088725882341354
0.15,0.05,G(0.05),0.6256002455777505,"M(0.5,0.01)",0.6761071793596042,modular,1.0807335581129924
0.15,0.055,G(0.05),0.6256002455777505,"M(0.5,0.01)",0.6711071793596042,modular,1.072741233884631
0.15,0.06,G(0.05),0.6256002455777505,"M(0.5,0.01)",0.6661071793596043,modular,1.0647489096562694
0.15,0.065,G(0.05),0.6256002455777505,"M(0.5,0.01)",0.6611071793596042,modular,1.0567565854279077
0.15,0.07,G(0.05),0.6256002455777505,"M(0.5,0.01)",0.6561071793596043,modular,1.0487642611995462
0.15,0.075,G(0.05),0.6256002455777505,"M(0.5,0.01)",0.6511071793596043,modular,1.0407719369711848
0.15,0.08,G(0.05),0.6256002455777505,"M(0.5,0.01)",0.6461071793596043,modular,1.0327796127428233
0.15,0.085,G(0.05),0.6256002455777505,"M(0.5,0.01)",0.6411071793596043,modular,1.0247872885144615
0.15,0.09,G(0.05),0.6256002455777505,"M(0.5,0.01)",0.6361071793596043,modular,1.0167949642861
0.15,0.095,G(0.05),0.6256002455777505,"M(0.5,0.01)",0.6311071793596043,modular,1.0088026400577386
0.15,0.1,G(0.05),0.6256002455777505,"M(0.5,0.01)",0.6261071793596042,modular,1.0008103158293769
0.15,0.105,G(0.05),0.6256002455777505,"M(0.5,0.01)",0.6211071793596042,global,0.9928179916010154
0.15,0.11,G(0.05),0.6256002455777505,"M(0.5,0.01)",0.6161071793596042,global,0.9848256673726538
0.15,0.115,G(0.05),0.6256002455777505,"M(0.5,0.01)",0.6111071793596042,global,0.9768333431442922
0.15,0.12,G(0.05),0.6256002455777505,"M(0.5,0.01)",0.6061071793596042,global,0.9688410189159307
0.15,0.125,G(0.05),0.6256002455777505,"M(0.5,0.01)",0.6011071793596042,global,0.9608486946875691
0.15,0.13,G(0.05),0.6256002455777505,"M(0.5,0.01)",0.5961071793596042,global,0.9528563704592075
0.15,0.135,G(0.05),0.6256002455777505,"M(0.5,0.01)",0.5911071793596042,global,0.944864046230846
0.15,0.14,G(0.05),0.6256002455777505,"M(0.5,0.01)",0.5861071793596042,global,0.9368717220024844
0.15,0.145,G(0.05),0.6256002455777505,"M(0.5,0.01)",0.5811071793596042,global,0.9288793977741228
0.15,0.15,G(0.05),0.6256002455777505,"M(0.5,0.01)",0.5761071793596042,global,0.9208870735457612
0.15,0.155,G(0.05),0.6256002455777505,"M(0.5,0.01)",0.5711071793596042,global,0.9128947493173997
0.15,0.16,G(0.05),0.6256002455777505,"M(0.5,0.01)",0.5661071793596042,global,0.9049024250890381
0.15,0.165,G(0.05),0.6256002455777505,"M(0.5,0.01)",0.5611071793596042,global,0.8969101008606765
0.15,0.17,G(0.05),0.6256002455777505,"M(0.5,0.01)",0.5561071793596042,global,0.8889177766323149
0.15,0.175,G(0.05),0.6256002455777505,"M(0.5,0.01)",0.5511071793596043,global,0.8809254524039535
0.15,0.18,G(0.05),0.6256002455777505,"M(0.5,0.01)",0.5461071793596042,global,0.8729331281755918
0.15,0.185,G(0.05),0.6256002455777505,"M(0.5,0.01)",0.5411071793596043,global,0.8649408039472304
0.15,0.19,G(0.05),0.6256002455777505,"M(0.5,0.01)",0.5361071793596042,global,0.8569484797188687
0.15,0.195,G(0.05),0.6256002455777505,"M(0.5,0.01)",0.5311071793596043,global,0.8489561554905072
0.15,0.2,G(0.05),0.6256002455777505,"M(0.5,0.01)",0.5261071793596042,global,0.8409638312621455
0.2,0.0,G(0.05),0.6142274612611591,"M(0.5,0.01)",0.7419061813585694,modular,1.2078687915308357
0.2,0.005,G(0.05),0.6142274612611591,"M(0.5,0.01)",0.7369061813585694,modular,1.199728484697706
0.2,0.01,G(0.05),0.6142274612611591,"M(0.5,0.01)",0.7319061813585694,modular,1.1915881778645767
0.2,0.015,G(0.05),0.6142274612611591,"M(0.5,0.01)",0.7269061813585694,modular,1.183447871031447
0.2,0.02,G(0.05),0.6142274612611591,"M(0.5,0.01)",0.7219061813585694,modular,1.1753075641983177
0.2,0.025,G(0.05),0.6142274612611591,"M(0.5,0.01)",0.7169061813585694,modular,1.1671672573651881
0.2,0.03,G(0.05),0.6142274612611591,"M(0.5,0.01)",0.7119061813585694,modular,1.1590269505320585
0.2,0.035,G(0.05),0.6142274612611591,"M(0.5,0.01)",0.7069061813585694,modular,1.1508866436989291
0.2,0.04,G(0.05),0.6142274612611591,"M(0.5,0.01)",0.7019061813585694,modular,1.1427463368657995
0.2,0.045,G(0.05),0.6142274612611591,"M(0.5,0.01)",0.6969061813585694,modular,1.1346060300326701
0.2,0.05,G(0.05),0.6142274612611591,"M(0.5,0.01)",0.6919061813585694,modular,1.1264657231995405
0.2,0.055,G(0.05),0.6142274612611591,"M(0.5,0.01)",0.6869061813585694,modular,1.1183254163664111
0.2,0.06,G(0.05),0.6142274612611591,"M(0.5,0.01)",0.6819061813585694,modular,1.1101851095332815
0.2,0.065,G(0.05),0.6142274612611591,"M(0.5,0.01)",0.6769061813585695,modular,1.1020448027001521
0.2,0.07,G(0.05),0.6142274612611591,"M(0.5,0.01)",0.6719061813585694,modular,1.0939044958670225
0.2,0.075,G(0.05),0.6142274612611591,"M(0.5,0.01)",0.6669061813585695,modular,1.0857641890338932
0.2,0.08,G(0.05),0.6142274612611591,"M(0.5,0.01)",0.6619061813585695,modular,1.0776238822007638
0.2,0.085,G(0.05),0.6142274612611591,"M(0.5,0.01)",0.6569061813585695,modular,1.0694835753676342
0.2,0.09,G(0.05),0.6142274612611591,"M(0.5,0.01)",0.6519061813585695,modular,1.0613432685345048
0.2,0.095,G(0.05),0.6142274612611591,"M(0.5,0.01)",0.6469061813585695,modular,1.0532029617013752
0.2,0.1,G(0.05),0.6142274612611591,"M(0.5,0.01)",0.6419061813585695,modular,1.0450626548682456
0.2,0.105,G(0.05),0.6142274612611591,"M(0.5,0.01)",0.6369061813585695,modular,1.0369223480351162
0.2,0.11,G(0.05),0.6142274612611591,"M(0.5,0.01)",0.6319061813585695,modular,1.0287820412019866
0.2,0.115,G(0.05),0.6142274612611591,"M(0.5,0.01)",0.6269061813585695,modular,1.0206417343688572
0.2,0.12,G(0.05),0.6142274612611591,"M(0.5,0.01)",0.6219061813585695,modular,1.0125014275357276
0.2,0.125,G(0.05),0.6142274612611591,"M(0.5,0.01)",0.6169061813585694,modular,1.0043611207025982
0.2,0.13,G(0.05),0.6142274612611591,"M(0.5,0.01)",0.6119061813585694,global,0.9962208138694686
0.2,0.135,G(0.05),0.6142274612611591,"M(0.5,0.01)",0.6069061813585694,global,0.9880805070363391
0.2,0.14,G(0.05),0.6142274612611591,"M(0.5,0.01)",0.6019061813585694,global,0.9799402002032096
0.2,0.145,G(0.05),0.6142274612611591,"M(0.5,0.01)",0.5969061813585694,global,0.9717998933700801
0.2,0.15,G(0.05),0.6142274612611591,"M(0.5,0.01)",0.5919061813585694,global,0.9636595865369506
0.2,0.155,G(0.05),0.6142274612611591,"M(0.5,0.01)",0.5869061813585694,global,0.9555192797038211
0.2,0.16,G(0.05),0.6142274612611591,"M(0.5,0.01)",0.5819061813585694,global,0.9473789728706915
0.2,0.165,G(0.05),0.6142274612611591,"M(0.5,0.01)",0.5769061813585694,global,0.939238666037562
0.2,0.17,G(0.05),0.6142274612611591,"M(0.5,0.01)",0.5719061813585694,global,0.9310983592044325
0.2,0.175,G(0.05),0.6142274612611591,"M(0.5,0.01)",0.5669061813585694,global,0.922958052371303
0.2,0.18,G(0.05),0.6142274612611591,"M(0.5,0.01)",0.5619061813585695,global,0.9148177455381737
0.2,0.185,G(0.05),0.6142274612611591,"M(0.5,0.01)",0.5569061813585694,global,0.906677438705044
0.2,0.19,G(0.05),0.6142274612611591,"M(0.5,0.01)",0.5519061813585695,global,0.8985371318719146
0.2,0.195,G(0.05),0.6142274612611591,"M(0.5,0.01)",0.5469061813585694,global,0.890396825038785
0.2,0.2,G(0.05),0.6142274612611591,"M(0.5,0.01)",0.5419061813585695,global,0.8822565182056556
0.25,0.0,G(0.05),0.6028546769445676,"M(0.5,0.01)",0.7577051833575346,modular,1.2568620802575368
0.25,0.005,G(0.05),0.6028546769445676,"M(0.5,0.01)",0.7527051833575346,modular,1.2485682074699167
0.25,0.01,G(0.05),0.6028546769445676,"M(0.5,0.01)",0.7477051833575346,modular,1.2402743346822966
0.25,0.015,G(0.05),0.6028546769445676,"M(0.5,0.01)",0.7427051833575345,modular,1.2319804618946768
0.25,0.02,G(0.05),0.6028546769445676,"M(0.5,0.01)",0.7377051833575345,modular,1.2236865891070567
0.25,0.025,G(0.05),0.6028546769445676,"M(0.5,0.01)",0.7327051833575345,modular,1.2153927163194367
0.25,0.03,G(0.05),0.6028546769445676,"M(0.5,0.01)",0.7277051833575345,modular,1.2070988435318166
0.25,0.035,G(0.05),0.6028546769445676,"M(0.5,0.01)",0.7227051833575345,modular,1.1988049707441968
0.25,0.04,G(0.05),0.6028546769445676,"M(0.5,0.01)",0.7177051833575345,modular,1.1905110979565767
0.25,0.045,G(0.05),0.6028546769445676,"M(0.5,0.01)",0.7127051833575345,modular,1.1822172251689567
0.25,0.05,G(0.05),0.6028546769445676,"M(0.5,0.01)",0.7077051833575345,modular,1.1739233523813366
0.25,0.055,G(0.05),0.6028546769445676,"M(0.5,0.01)",0.7027051833575345,modular,1.1656294795937165
0.25,0.06,G(0.05),0.6028546769445676,"M(0.5,0.01)",0.6977051833575345,modular,1.1573356068060967
0.25,0.065,G(0.05),0.6028546769445676,"M(0.5,0.01)",0.6927051833575346,modular,1.1490417340184769
0.25,0.07,G(0.05),0.6028546769445676,"M(0.5,0.01)",0.6877051833575345,modular,1.1407478612308566
0.25,0.075,G(0.05),0.6028546769445676,"M(0.5,0.01)",0.6827051833575346,modular,1.1324539884432367
0.25,0.08,G(0.05),0.6028546769445676,"M(0.5,0.01)",0.6777051833575346,modular,1.1241601156556167
0.25,0.085,G(0.05),0.6028546769445676,"M(0.5,0.01)",0.6727051833575346,modular,1.1158662428679966
0.25,0.09,G(0.05),0.6028546769445676,"M(0.5,0.01)",0.6677051833575346,modular,1.1075723700803768
0.25,0.095,G(0.05),0.6028546769445676,"M(0.5,0.01)",0.6627051833575346,modular,1.0992784972927567
0.25,0.1,G(0.05),0.6028546769445676,"M(0.5,0.01)",0.6577051833575346,modular,1.0909846245051367
0.25,0.105,G(0.05),0.6028546769445676,"M(0.5,0.01)",0.6527051833575346,modular,1.0826907517175166
0.25,0.11,G(0.05),0.6028546769445676,"M(0.5,0.01)",0.6477051833575346,modular,1.0743968789298965
0.25,0.115,G(0.05),0.6028546769445676,"M(0.5,0.01)",0.6427051833575346,modular,1.0661030061422767
0.25,0.12,G(0.05),0.6028546769445676,"M(0.5,0.01)",0.6377051833575346,modular,1.0578091333546566
0.25,0.125,G(0.05),0.6028546769445676,"M(0.5,0.01)",0.6327051833575346,modular,1.0495152605670366
0.25,0.13,G(0.05),0.6028546769445676,"M(0.5,0.01)",0.6277051833575346,modular,1.0412213877794165
0.25,0.135,G(0.05),0.6028546769445676,"M(0.5,0.01)",0.6227051833575346,modular,1.0329275149917965
0.25,0.14,G(0.05),0.6028546769445676,"M(0.5,0.01)",0.6177051833575345,modular,1.0246336422041766
0.25,0.145,G(0.05),0.6028546769445676,"M(0.5,0.01)",0.6127051833575345,modular,1.0163397694165566
0.25,0.15,G(0.05),0.6028546769445676,"M(0.5,0.01)",0.6077051833575345,modular,1.0080458966289365
0.25,0.155,G(0.05),0.6028546769445676,"M(0.5,0.01)",0.6027051833575345,global,0.9997520238413166
0.25,0.16,G(0.05),0.6028546769445676,"M(0.5,0.01)",0.5977051833575345,global,0.9914581510536965
0.25,0.165,G(0.05),0.6028546769445676,"M(0.5,0.01)",0.5927051833575345,global,0.9831642782660764
0.25,0.17,G(0.05),0.6028546769445676,"M(0.5,0.01)",0.5877051833575345,global,0.9748704054784565
0.25,0.175,G(0.05),0.6028546769445676,"M(0.5,0.01)",0.5827051833575345,global,0.9665765326908364
0.25,0.18,G(0.05),0.6028546769445676,"M(0.5,0.01)",0.5777051833575346,global,0.9582826599032166
0.25,0.185,G(0.05),0.6028546769445676,"M(0.5,0.01)",0.5727051833575345,global,0.9499887871155964
0.25,0.19,G(0.05),0.6028546769445676,"M(0.5,0.01)",0.5677051833575346,global,0.9416949143279766
0.25,0.195,G(0.05),0.6028546769445676,"M(0.5,0.01)",0.5627051833575345,global,0.9334010415403564
0.25,0.2,G(0.05),0.6028546769445676,"M(0.5,0.01)",0.5577051833575346,global,0.9251071687527366
0.3,0.0,G(0.1),0.5978250340478717,"M(0.5,0.01)",0.7735041853564997,modular,1.2938638252050185
0.3,0.005,G(0.1),0.5978250340478717,"M(0.5,0.01)",0.7685041853564997,modular,1.2855001741110772
0.3,0.01,G(0.1),0.5978250340478717,"M(0.5,0.01)",0.7635041853564997,modular,1.2771365230171359
0.3,0.015,G(0.1),0.5978250340478717,"M(0.5,0.01)",0.7585041853564997,modular,1.2687728719231945
0.3,0.02,G(0.1),0.5978250340478717,"M(0.5,0.01)",0.7535041853564997,modular,1.260409220829253
0.3,0.025,G(0.1),0.5978250340478717,"M(0.5,0.01)",0.7485041853564997,modular,1.2520455697353117
0.3,0.03,G(0.1),0.5978250340478717,"M(0.5,0.01)",0.7435041853564996,modular,1.2436819186413703
0.3,0.035,G(0.1),0.5978250340478717,"M(0.5,0.01)",0.7385041853564996,modular,1.235318267547429
0.3,0.04,G(0.1),0.5978250340478717,"M(0.5,0.01)",0.7335041853564996,modular,1.2269546164534877
0.3,0.045,G(0.1),0.5978250340478717,"M(0.5,0.01)",0.7285041853564996,modular,1.2185909653595464
0.3,0.05,G(0.1),0.5978250340478717,"M(0.5,0.01)",0.7235041853564996,modular,1.210227314265605
0.3,0.055,G(0.1),0.5978250340478717,"M(0.5,0.01)",0.7185041853564996,modular,1.2018636631716637
0.3,0.06,G(0.1),0.5978250340478717,"M(0.5,0.01)",0.7135041853564996,modular,1.1935000120777224
0.3,0.065,G(0.1),0.5978250340478717,"M(0.5,0.01)",0.7085041853564997,modular,1.1851363609837813
0.3,0.07,G(0.1),0.5978250340478717,"M(0.5,0.01)",0.7035041853564996,modular,1.1767727098898397
0.3,0.075,G(0.1),0.5978250340478717,"M(0.5,0.01)",0.6985041853564997,modular,1.1684090587958984
0.3,0.08,G(0.1),0.5978250340478717,"M(0.5,0.01)",0.6935041853564997,modular,1.160045407701957
0.3,0.085,G(0.1),0.5978250340478717,"M(0.5,0.01)",0.6885041853564997,modular,1.1516817566080157
0.3,0.09,G(0.1),0.5978250340478717,"M(0.5,0.01)",0.6835041853564997,modular,1.1433181055140744
0.3,0.095,G(0.1),0.5978250340478717,"M(0.5,0.01)",0.6785041853564997,modular,1.134954454420133
0.3,0.1,G(0.1),0.5978250340478717,"M(0.5,0.01)",0.6735041853564997,modular,1.1265908033261918
0.3,0.105,G(0.1),0.5978250340478717,"M(0.5,0.01)",0.6685041853564997,modular,1.1182271522322504
0.3,0.11,G(0.1),0.5978250340478717,"M(0.5,0.01)",0.6635041853564997,modular,1.1098635011383091
0.3,0.115,G(0.1),0.5978250340478717,"M(0.5,0.01)",0.6585041853564997,modular,1.1014998500443678
0.3,0.12,G(0.1),0.5978250340478717,"M(0.5,0.01)",0.6535041853564997,modular,1.0931361989504265
0.3,0.125,G(0.1),0.5978250340478717,"M(0.5,0.01)",0.6485041853564997,modular,1.084772547856485
0.3,0.13,G(0.1),0.5978250340478717,"M(0.5,0.01)",0.6435041853564997,modular,1.0764088967625436
0.3,0.135,G(0.1),0.5978250340478717,"M(0.5,0.01)",0.6385041853564997,modular,1.0680452456686023
0.3,0.14,G(0.1),0.5978250340478717,"M(0.5,0.01)",0.6335041853564997,modular,1.059681594574661
0.3,0.145,G(0.1),0.5978250340478717,"M(0.5,0.01)",0.6285041853564997,modular,1.0513179434807196
0.3,0.15,G(0.1),0.5978250340478717,"M(0.5,0.01)",0.6235041853564997,modular,1.0429542923867783
0.3,0.155,G(0.1),0.5978250340478717,"M(0.5,0.01)",0.6185041853564996,modular,1.034590641292837
0.3,0.16,G(0.1),0.5978250340478717,"M(0.5,0.01)",0.6135041853564996,modular,1.0262269901988956
0.3,0.165,G(0.1),0.5978250340478717,"M(0.5,0.01)",0.6085041853564996,modular,1.0178633391049543
0.3,0.17,G(0.1),0.5978250340478717,"M(0.5,0.01)",0.6035041853564996,modular,1.009499688011013
0.3,0.175,G(0.1),0.5978250340478717,"M(0.5,0.01)",0.5985041853564996,modular,1.0011360369170716
0.3,0.18,G(0.1),0.5978250340478717,"M(0.5,0.01)",0.5935041853564997,global,0.9927723858231304
0.3,0.185,G(0.1),0.5978250340478717,"M(0.5,0.01)",0.5885041853564996,global,0.9844087347291889
0.3,0.19,G(0.1),0.5978250340478717,"M(0.5,0.01)",0.5835041853564997,global,0.9760450836352477
0.3,0.195,G(0.1),0.5978250340478717,"M(0.5,0.01)",0.5785041853564996,global,0.9676814325413062
0.3,0.2,G(0.1),0.5978250340478717,"M(0.5,0.01)",0.5735041853564997,global,0.959317781447365
0.35,0.0,G(0.1),0.6069701001389647,"M(0.5,0.01)",0.7893031873554649,modular,1.3003987958793282
0.35,0.005,G(0.1),0.6069701001389647,"M(0.5,0.01)",0.7843031873554649,modular,1.2921611578163408
0.35,0.01,G(0.1),0.6069701001389647,"M(0.5,0.01)",0.7793031873554649,modular,1.2839235197533534
0.35,0.015,G(0.1),0.6069701001389647,"M(0.5,0.01)",0.7743031873554649,modular,1.275685881690366
0.35,0.02,G(0.1),0.6069701001389647,"M(0.5,0.01)",0.7693031873554649,modular,1.2674482436273786
0.35,0.025,G(0.1),0.6069701001389647,"M(0.5,0.01)",0.7643031873554649,modular,1.2592106055643912
0.35,0.03,G(0.1),0.6069701001389647,"M(0.5,0.01)",0.7593031873554649,modular,1.2509729675014039
0.35,0.035,G(0.1),0.6069701001389647,"M(0.5,0.01)",0.7543031873554649,modular,1.2427353294384165
0.35,0.04,G(0.1),0.6069701001389647,"M(0.5,0.01)",0.7493031873554649,modular,1.234497691375429
0.35,0.045,G(0.1),0.6069701001389647,"M(0.5,0.01)",0.7443031873554649,modular,1.2262600533124417
0.35,0.05,G(0.1),0.6069701001389647,"M(0.5,0.01)",0.7393031873554649,modular,1.2180224152494543
0.35,0.055,G(0.1),0.6069701001389647,"M(0.5,0.01)",0.7343031873554648,modular,1.209784777186467
0.35,0.06,G(0.1),0.6069701001389647,"M(0.5,0.01)",0.729303187355465,modular,1.2015471391234795
0.35,0.065,G(0.1),0.6069701001389647,"M(0.5,0.01)",0.7243031873554648,modular,1.193309501060492
0.35,0.07,G(0.1),0.6069701001389647,"M(0.5,0.01)",0.719303187355465,modular,1.1850718629975048
0.35,0.075,G(0.1),0.6069701001389647,"M(0.5,0.01)",0.7143031873554649,modular,1.1768342249345174
0.35,0.08,G(0.1),0.6069701001389647,"M(0.5,0.01)",0.7093031873554649,modular,1.16859658687153
0.35,0.085,G(0.1),0.6069701001389647,"M(0.5,0.01)",0.7043031873554649,modular,1.1603589488085426
0.35,0.09,G(0.1),0.6069701001389647,"M(0.5,0.01)",0.6993031873554649,modular,1.1521213107455552
0.35,0.095,G(0.1),0.6069701001389647,"M(0.5,0.01)",0.6943031873554649,modular,1.1438836726825679
0.35,0.1,G(0.1),0.6069701001389647,"M(0.5,0.01)",0.6893031873554649,modular,1.1356460346195805
0.35,0.105,G(0.1),0.6069701001389647,"M(0.5,0.01)",0.6843031873554649,modular,1.127408396556593
0.35,0.11,G(0.1),0.6069701001389647,"M(0.5,0.01)",0.6793031873554649,modular,1.1191707584936057
0.35,0.115,G(0.1),0.6069701001389647,"M(0.5,0.01)",0.6743031873554649,modular,1.1109331204306183
0.35,0.12,G(0.1),0.6069701001389647,"M(0.5,0.01)",0.6693031873554649,modular,1.102695482367631
0.35,0.125,G(0.1),0.6069701001389647,"M(0.5,0.01)",0.6643031873554649,modular,1.0944578443046435
0.35,0.13,G(0.1),0.6069701001389647,"M(0.5,0.01)",0.6593031873554649,modular,1.0862202062416562
0.35,0.135,G(0.1),0.6069701001389647,"M(0.5,0.01)",0.6543031873554649,modular,1.0779825681786688
0.35,0.14,G(0.1),0.6069701001389647,"M(0.5,0.01)",0.6493031873554649,modular,1.0697449301156814
0.35,0.145,G(0.1),0.6069701001389647,"M(0.5,0.01)",0.6443031873554649,modular,1.061507292052694
0.35,0.15,G(0.1),0.6069701001389647,"M(0.5,0.01)",0.6393031873554649,modular,1.0532696539897066
0.35,0.155,G(0.1),0.6069701001389647,"M(0.5,0.01)",0.6343031873554649,modular,1.0450320159267192
0.35,0.16,G(0.1),0.6069701001389647,"M(0.5,0.01)",0.6293031873554649,modular,1.0367943778637319
0.35,0.165,G(0.1),0.6069701001389647,"M(0.5,0.01)",0.6243031873554649,modular,1.0285567398007445
0.35,0.17,G(0.1),0.6069701001389647,"M(0.5,0.01)",0.6193031873554649,modular,1.020319101737757
0.35,0.175,G(0.1),0.6069701001389647,"M(0.5,0.01)",0.614303187355465,modular,1.0120814636747697
0.35,0.18,G(0.1),0.6069701001389647,"M(0.5,0.01)",0.6093031873554648,modular,1.0038438256117823
0.35,0.185,G(0.1),0.6069701001389647,"M(0.5,0.01)",0.604303187355465,global,0.995606187548795
0.35,0.19,G(0.1),0.6069701001389647,"M(0.5,0.01)",0.5993031873554648,global,0.9873685494858074
0.35,0.195,G(0.1),0.6069701001389647,"M(0.5,0.01)",0.594303187355465,global,0.9791309114228202
0.35,0.2,G(0.1),0.6069701001389647,"M(0.5,0.01)",0.5893031873554648,global,0.9708932733598327
0.4,0.0,G(0.1),0.6161151662300577,"M(0.5,0.01)",0.8051021893544301,modular,1.3067397679572859
0.4,0.005,G(0.1),0.6161151662300577,"M(0.5,0.01)",0.8001021893544301,modular,1.2986244020743218
0.4,0.01,G(0.1),0.6161151662300577,"M(0.5,0.01)",0.7951021893544301,modular,1.290509036191358
0.4,0.015,G(0.1),0.6161151662300577,"M(0.5,0.01)",0.7901021893544301,modular,1.2823936703083942
0.4,0.02,G(0.1),0.6161151662300577,"M(0.5,0.01)",0.7851021893544301,modular,1.2742783044254304
0.4,0.025,G(0.1),0.6161151662300577,"M(0.5,0.01)",0.7801021893544301,modular,1.2661629385424666
0.4,0.03,G(0.1),0.6161151662300577,"M(0.5,0.01)",0.7751021893544301,modular,1.2580475726595026
0.4,0.035,G(0.1),0.6161151662300577,"M(0.5,0.01)",0.7701021893544301,modular,1.2499322067765388
0.4,0.04,G(0.1),0.6161151662300577,"M(0.5,0.01)",0.7651021893544301,modular,1.241816840893575
0.4,0.045,G(0.1),0.6161151662300577,"M(0.5,0.01)",0.7601021893544301,modular,1.2337014750106112
0.4,0.05,G(0.1),0.6161151662300577,"M(0.5,0.01)",0.7551021893544301,modular,1.2255861091276474
0.4,0.055,G(0.1),0.6161151662300577,"M(0.5,0.01)",0.7501021893544301,modular,1.2174707432446836
0.4,0.06,G(0.1),0.6161151662300577,"M(0.5,0.01)",0.7451021893544301,modular,1.2093553773617196
0.4,0.065,G(0.1),0.6161151662300577,"M(0.5,0.01)",0.7401021893544302,modular,1.201240011478756
0.4,0.07,G(0.1),0.6161151662300577,"M(0.5,0.01)",0.7351021893544301,modular,1.193124645595792
0.4,0.075,G(0.1),0.6161151662300577,"M(0.5,0.01)",0.7301021893544302,modular,1.1850092797128284
0.4,0.08,G(0.1),0.6161151662300577,"M(0.5,0.01)",0.7251021893544302,modular,1.1768939138298644
0.4,0.085,G(0.1),0.6161151662300577,"M(0.5,0.01)",0.7201021893544302,modular,1.1687785479469006
0.4,0.09,G(0.1),0.6161151662300577,"M(0.5,0.01)",0.7151021893544302,modular,1.1606631820639368
0.4,0.095,G(0.1),0.6161151662300577,"M(0.5,0.01)",0.7101021893544301,modular,1.152547816180973
0.4,0.1,G(0.1),0.6161151662300577,"M(0.5,0.01)",0.7051021893544301,modular,1.1444324502980092
0.4,0.105,G(0.1),0.6161151662300577,"M(0.5,0.01)",0.7001021893544301,modular,1.1363170844150454
0.4,0.11,G(0.1),0.6161151662300577,"M(0.5,0.01)",0.6951021893544301,modular,1.1282017185320814
0.4,0.115,G(0.1),0.6161151662300577,"M(0.5,0.01)",0.6901021893544301,modular,1.1200863526491176
0.4,0.12,G(0.1),0.6161151662300577,"M(0.5,0.01)",0.6851021893544301,modular,1.1119709867661538
0.4,0.125,G(0.1),0.6161151662300577,"M(0.5,0.01)",0.6801021893544301,modular,1.10385562088319
0.4,0.13,G(0.1),0.6161151662300577,"M(0.5,0.01)",0.6751021893544301,modular,1.0957402550002262
0.4,0.135,G(0.1),0.6161151662300577,"M(0.5,0.01)",0.6701021893544301,modular,1.0876248891172622
0.4,0.14,G(0.1),0.6161151662300577,"M(0.5,0.01)",0.6651021893544301,modular,1.0795095232342984
0.4,0.145,G(0.1),0.6161151662300577,"M(0.5,0.01)",0.6601021893544301,modular,1.0713941573513346
0.4,0.15,G(0.1),0.6161151662300577,"M(0.5,0.01)",0.6551021893544301,modular,1.0632787914683708
0.4,0.155,G(0.1),0.6161151662300577,"M(0.5,0.01)",0.6501021893544301,modular,1.055163425585407
0.4,0.16,G(0.1),0.6161151662300577,"M(0.5,0.01)",0.6451021893544301,modular,1.0470480597024432
0.4,0.165,G(0.1),0.6161151662300577,"M(0.5,0.01)",0.6401021893544301,modular,1.0389326938194792
0.4,0.17,G(0.1),0.6161151662300577,"M(0.5,0.01)",0.6351021893544301,modular,1.0308173279365154
0.4,0.175,G(0.1),0.6161151662300577,"M(0.5,0.01)",0.6301021893544301,modular,1.0227019620535516
0.4,0.18,G(0.1),0.6161151662300577,"M(0.5,0.01)",0.6251021893544302,modular,1.014586596170588
0.4,0.185,G(0.1),0.6161151662300577,"M(0.5,0.01)",0.6201021893544301,modular,1.006471230287624
0.4,0.19,G(0.1),0.6161151662300577,"M(0.5,0.01)",0.6151021893544302,global,0.9983558644046603
0.4,0.195,G(0.1),0.6161151662300577,"M(0.5,0.01)",0.6101021893544301,global,0.9902404985216963
0.4,0.2,G(0.1),0.6161151662300577,"M(0.5,0.01)",0.6051021893544302,global,0.9821251326387326
0.45,0.0,G(0.1),0.6252602323211507,"M(0.5,0.01)",0.8209011913533952,modular,1.3128952537185477
0.45,0.005,G(0.1),0.6252602323211507,"M(0.5,0.01)",0.8159011913533952,modular,1.3048985833059124
0.45,0.01,G(0.1),0.6252602323211507,"M(0.5,0.01)",0.8109011913533952,modular,1.2969019128932773
0.45,0.015,G(0.1),0.6252602323211507,"M(0.5,0.01)",0.8059011913533952,modular,1.288905242480642
0.45,0.02,G(0.1),0.6252602323211507,"M(0.5,0.01)",0.8009011913533952,modular,1.2809085720680067
0.45,0.025,G(0.1),0.6252602323211507,"M(0.5,0.01)",0.7959011913533952,modular,1.2729119016553714
0.45,0.03,G(0.1),0.6252602323211507,"M(0.5,0.01)",0.7909011913533952,modular,1.264915231242736
0.45,0.035,G(0.1),0.6252602323211507,"M(0.5,0.01)",0.7859011913533952,modular,1.2569185608301008
0.45,0.04,G(0.1),0.6252602323211507,"M(0.5,0.01)",0.7809011913533952,modular,1.2489218904174655
0.45,0.045,G(0.1),0.6252602323211507,"M(0.5,0.01)",0.7759011913533952,modular,1.2409252200048302
0.45,0.05,G(0.1),0.6252602323211507,"M(0.5,0.01)",0.7709011913533952,modular,1.2329285495921949
0.45,0.055,G(0.1),0.6252602323211507,"M(0.5,0.01)",0.7659011913533952,modular,1.2249318791795596
0.45,0.06,G(0.1),0.6252602323211507,"M(0.5,0.01)",0.7609011913533952,modular,1.2169352087669245
0.45,0.065,G(0.1),0.6252602323211507,"M(0.5,0.01)",0.7559011913533953,modular,1.2089385383542892
0.45,0.07,G(0.1),0.6252602323211507,"M(0.5,0.01)",0.7509011913533952,modular,1.200941867941654
0.45,0.075,G(0.1),0.6252602323211507,"M(0.5,0.01)",0.7459011913533953,modular,1.1929451975290188
0.45,0.08,G(0.1),0.6252602323211507,"M(0.5,0.01)",0.7409011913533953,modular,1.1849485271163835
0.45,0.085,G(0.1),0.6252602323211507,"M(0.5,0.01)",0.7359011913533953,modular,1.1769518567037482
0.45,0.09,G(0.1),0.6252602323211507,"M(0.5,0.01)",0.7309011913533953,modular,1.168955186291113
0.45,0.095,G(0.1),0.6252602323211507,"M(0.5,0.01)",0.7259011913533953,modular,1.1609585158784776
0.45,0.1,G(0.1),0.6252602323211507,"M(0.5,0.01)",0.7209011913533953,modular,1.1529618454658423
0.45,0.105,G(0.1),0.6252602323211507,"M(0.5,0.01)",0.7159011913533952,modular,1.144965175053207
0.45,0.11,G(0.1),0.6252602323211507,"M(0.5,0.01)",0.7109011913533952,modular,1.1369685046405718
0.45,0.115,G(0.1),0.6252602323211507,"M(0.5,0.01)",0.7059011913533952,modular,1.1289718342279367
0.45,0.12,G(0.1),0.6252602323211507,"M(0.5,0.01)",0.7009011913533952,modular,1.1209751638153014
0.45,0.125,G(0.1),0.6252602323211507,"M(0.5,0.01)",0.6959011913533952,modular,1.112978493402666
0.45,0.13,G(0.1),0.6252602323211507,"M(0.5,0.01)",0.6909011913533952,modular,1.1049818229900308
0.45,0.135,G(0.1),0.6252602323211507,"M(0.5,0.01)",0.6859011913533952,modular,1.0969851525773955
0.45,0.14,G(0.1),0.6252602323211507,"M(0.5,0.01)",0.6809011913533952,modular,1.0889884821647602
0.45,0.145,G(0.1),0.6252602323211507,"M(0.5,0.01)",0.6759011913533952,modular,1.0809918117521249
0.45,0.15,G(0.1),0.6252602323211507,"M(0.5,0.01)",0.6709011913533952,modular,1.0729951413394896
0.45,0.155,G(0.1),0.6252602323211507,"M(0.5,0.01)",0.6659011913533952,modular,1.0649984709268543
0.45,0.16,G(0.1),0.6252602323211507,"M(0.5,0.01)",0.6609011913533952,modular,1.057001800514219
0.45,0.165,G(0.1),0.6252602323211507,"M(0.5,0.01)",0.6559011913533952,modular,1.049005130101584
0.45,0.17,G(0.1),0.6252602323211507,"M(0.5,0.01)",0.6509011913533952,modular,1.0410084596889486
0.45,0.175,G(0.1),0.6252602323211507,"M(0.5,0.01)",0.6459011913533952,modular,1.0330117892763133
0.45,0.18,G(0.1),0.6252602323211507,"M(0.5,0.01)",0.6409011913533953,modular,1.0250151188636782
0.45,0.185,G(0.1),0.6252602323211507,"M(0.5,0.01)",0.6359011913533952,modular,1.0170184484510427
0.45,0.19,G(0.1),0.6252602323211507,"M(0.5,0.01)",0.6309011913533953,modular,1.0090217780384076
0.45,0.195,G(0.1),0.6252602323211507,"M(0.5,0.01)",0.6259011913533952,modular,1.0010251076257721
0.45,0.2,G(0.1),0.6252602323211507,"M(0.5,0.01)",0.6209011913533953,global,0.993028437213137
0.5,0.0,G(0.2),0.6442914739298778,"M(0.5,0.01)",0.8367001933523603,modular,1.2986361409516705
0.5,0.005,G(0.2),0.6442914739298778,"M(0.5,0.01)",0.8317001933523603,modular,1.2908756781761779
0.5,0.01,G(0.2),0.6442914739298778,"M(0.5,0.01)",0.8267001933523603,modular,1.2831152154006855
0.5,0.015,G(0.2),0.6442914739298778,"M(0.5,0.01)",0.8217001933523603,modular,1.275354752625193
0.5,0.02,G(0.2),0.6442914739298778,"M(0.5,0.01)",0.8167001933523603,modular,1.2675942898497006
0.5,0.025,G(0.2),0.6442914739298778,"M(0.5,0.01)",0.8117001933523603,modular,1.259833827074208
0.5,0.03,G(0.2),0.6442914739298778,"M(0.5,0.01)",0.8067001933523603,modular,1.2520733642987156
0.5,0.035,G(0.2),0.6442914739298778,"M(0.5,0.01)",0.8017001933523603,modular,1.244312901523223
0.5,0.04,G(0.2),0.6442914739298778,"M(0.5,0.01)",0.7967001933523603,modular,1.2365524387477305
0.5,0.045,G(0.2),0.6442914739298778,"M(0.5,0.01)",0.7917001933523603,modular,1.228791975972238
0.5,0.05,G(0.2),0.6442914739298778,"M(0.5,0.01)",0.7867001933523603,modular,1.2210315131967455
0.5,0.055,G(0.2),0.6442914739298778,"M(0.5,0.01)",0.7817001933523603,modular,1.2132710504212532
0.5,0.06,G(0.2),0.6442914739298778,"M(0.5,0.01)",0.7767001933523603,modular,1.2055105876457606
0.5,0.065,G(0.2),0.6442914739298778,"M(0.5,0.01)",0.7717001933523604,modular,1.1977501248702682
0.5,0.07,G(0.2),0.6442914739298778,"M(0.5,0.01)",0.7667001933523603,modular,1.1899896620947756
0.5,0.075,G(0.2),0.6442914739298778,"M(0.5,0.01)",0.7617001933523604,modular,1.1822291993192833
0.5,0.08,G(0.2),0.6442914739298778,"M(0.5,0.01)",0.7567001933523604,modular,1.174468736543791
0.5,0.085,G(0.2),0.6442914739298778,"M(0.5,0.01)",0.7517001933523604,modular,1.1667082737682983
0.5,0.09,G(0.2),0.6442914739298778,"M(0.5,0.01)",0.7467001933523604,modular,1.158947810992806
0.5,0.095,G(0.2),0.6442914739298778,"M(0.5,0.01)",0.7417001933523604,modular,1.1511873482173134
0.5,0.1,G(0.2),0.6442914739298778,"M(0.5,0.01)",0.7367001933523604,modular,1.1434268854418208
0.5,0.105,G(0.2),0.6442914739298778,"M(0.5,0.01)",0.7317001933523604,modular,1.1356664226663284
0.5,0.11,G(0.2),0.6442914739298778,"M(0.5,0.01)",0.7267001933523604,modular,1.1279059598908359
0.5,0.115,G(0.2),0.6442914739298778,"M(0.5,0.01)",0.7217001933523604,modular,1.1201454971153435
0.5,0.12,G(0.2),0.6442914739298778,"M(0.5,0.01)",0.7167001933523603,modular,1.112385034339851
0.5,0.125,G(0.2),0.6442914739298778,"M(0.5,0.01)",0.7117001933523603,modular,1.1046245715643586
0.5,0.13,G(0.2),0.6442914739298778,"M(0.5,0.01)",0.7067001933523603,modular,1.096864108788866
0.5,0.135,G(0.2),0.6442914739298778,"M(0.5,0.01)",0.7017001933523603,modular,1.0891036460133734
0.5,0.14,G(0.2),0.6442914739298778,"M(0.5,0.01)",0.6967001933523603,modular,1.081343183237881
0.5,0.145,G(0.2),0.6442914739298778,"M(0.5,0.01)",0.6917001933523603,modular,1.0735827204623885
0.5,0.15,G(0.2),0.6442914739298778,"M(0.5,0.01)",0.6867001933523603,modular,1.065822257686896
0.5,0.155,G(0.2),0.6442914739298778,"M(0.5,0.01)",0.6817001933523603,modular,1.0580617949114035
0.5,0.16,G(0.2),0.6442914739298778,"M(0.5,0.01)",0.6767001933523603,modular,1.0503013321359111
0.5,0.165,G(0.2),0.6442914739298778,"M(0.5,0.01)",0.6717001933523603,modular,1.0425408693604186
0.5,0.17,G(0.2),0.6442914739298778,"M(0.5,0.01)",0.6667001933523603,modular,1.034780406584926
0.5,0.175,G(0.2),0.6442914739298778,"M(0.5,0.01)",0.6617001933523603,modular,1.0270199438094336
0.5,0.18,G(0.2),0.6442914739298778,"M(0.5,0.01)",0.6567001933523604,modular,1.0192594810339413
0.5,0.185,G(0.2),0.6442914739298778,"M(0.5,0.01)",0.6517001933523603,modular,1.0114990182584487
0.5,0.19,G(0.2),0.6442914739298778,"M(0.5,0.01)",0.6467001933523604,modular,1.0037385554829563
0.5,0.195,G(0.2),0.6442914739298778,"M(0.5,0.01)",0.6417001933523603,global,0.9959780927074636
0.5,0.2,G(0.2),0.6442914739298778,"M(0.5,0.01)",0.6367001933523604,global,0.9882176299319714
0.55,0.0,G(0.5),0.6787128524591882,"M(0.5,0.01)",0.8524991953513255,modular,1.256052824493385
0.55,0.005,G(0.5),0.6787128524591882,"M(0.5,0.01)",0.8474991953513255,modular,1.2486859388039753
0.55,0.01,G(0.5),0.6787128524591882,"M(0.5,0.01)",0.8424991953513254,modular,1.2413190531145657
0.55,0.015,G(0.5),0.6787128524591882,"M(0.5,0.01)",0.8374991953513254,modular,1.2339521674251561
0.55,0.02,G(0.5),0.6787128524591882,"M(0.5,0.01)",0.8324991953513254,modular,1.2265852817357463
0.55,0.025,G(0.5),0.6787128524591882,"M(0.5,0.01)",0.8274991953513254,modular,1.2192183960463367
0.55,0.03,G(0.5),0.6787128524591882,"M(0.5,0.01)",0.8224991953513254,modular,1.211851510356927
0.55,0.035,G(0.5),0.6787128524591882,"M(0.5,0.01)",0.8174991953513254,modular,1.2044846246675174
0.55,0.04,G(0.5),0.6787128524591882,"M(0.5,0.01)",0.8124991953513254,modular,1.1971177389781078
0.55,0.045,G(0.5),0.6787128524591882,"M(0.5,0.01)",0.8074991953513254,modular,1.189750853288698
0.55,0.05,G(0.5),0.6787128524591882,"M(0.5,0.01)",0.8024991953513254,modular,1.1823839675992884
0.55,0.055,G(0.5),0.6787128524591882,"M(0.5,0.01)",0.7974991953513254,modular,1.1750170819098786
0.55,0.06,G(0.5),0.6787128524591882,"M(0.5,0.01)",0.7924991953513254,modular,1.167650196220469
0.55,0.065,G(0.5),0.6787128524591882,"M(0.5,0.01)",0.7874991953513255,modular,1.1602833105310595
0.55,0.07,G(0.5),0.6787128524591882,"M(0.5,0.01)",0.7824991953513254,modular,1.1529164248416497
0.55,0.075,G(0.5),0.6787128524591882,"M(0.5,0.01)",0.7774991953513255,modular,1.1455495391522403
0.55,0.08,G(0.5),0.6787128524591882,"M(0.5,0.01)",0.7724991953513255,modular,1.1381826534628305
0.55,0.085,G(0.5),0.6787128524591882,"M(0.5,0.01)",0.7674991953513255,modular,1.130815767773421
0.55,0.09,G(0.5),0.6787128524591882,"M(0.5,0.01)",0.7624991953513255,modular,1.1234488820840112
0.55,0.095,G(0.5),0.6787128524591882,"M(0.5,0.01)",0.7574991953513255,modular,1.1160819963946016
0.55,0.1,G(0.5),0.6787128524591882,"M(0.5,0.01)",0.7524991953513255,modular,1.108715110705192
0.55,0.105,G(0.5),0.6787128524591882,"M(0.5,0.01)",0.7474991953513255,modular,1.1013482250157822
0.55,0.11,G(0.5),0.6787128524591882,"M(0.5,0.01)",0.7424991953513255,modular,1.0939813393263726
0.55,0.115,G(0.5),0.6787128524591882,"M(0.5,0.01)",0.7374991953513255,modular,1.086614453636963
0.55,0.12,G(0.5),0.6787128524591882,"M(0.5,0.01)",0.7324991953513255,modular,1.0792475679475533
0.55,0.125,G(0.5),0.6787128524591882,"M(0.5,0.01)",0.7274991953513255,modular,1.0718806822581437
0.55,0.13,G(0.5),0.6787128524591882,"M(0.5,0.01)",0.7224991953513255,modular,1.064513796568734
0.55,0.135,G(0.5),0.6787128524591882,"M(0.5,0.01)",0.7174991953513254,modular,1.0571469108793243
0.55,0.14,G(0.5),0.6787128524591882,"M(0.5,0.01)",0.7124991953513254,modular,1.0497800251899148
0.55,0.145,G(0.5),0.6787128524591882,"M(0.5,0.01)",0.7074991953513254,modular,1.042413139500505
0.55,0.15,G(0.5),0.6787128524591882,"M(0.5,0.01)",0.7024991953513254,modular,1.0350462538110954
0.55,0.155,G(0.5),0.6787128524591882,"M(0.5,0.01)",0.6974991953513254,modular,1.0276793681216856
0.55,0.16,G(0.5),0.6787128524591882,"M(0.5,0.01)",0.6924991953513254,modular,1.020312482432276
0.55,0.165,G(0.5),0.6787128524591882,"M(0.5,0.01)",0.6874991953513254,modular,1.0129455967428664
0.55,0.17,G(0.5),0.6787128524591882,"M(0.5,0.01)",0.6824991953513254,modular,1.0055787110534566
0.55,0.175,G(0.5),0.6787128524591882,"M(0.5,0.01)",0.6774991953513254,global,0.9982118253640471
0.55,0.18,G(0.5),0.6787128524591882,"M(0.5,0.01)",0.6724991953513255,global,0.9908449396746375
0.55,0.185,G(0.5),0.6787128524591882,"M(0.5,0.01)",0.6674991953513254,global,0.9834780539852277
0.55,0.19,G(0.5),0.6787128524591882,"M(0.5,0.01)",0.6624991953513255,global,0.9761111682958182
0.55,0.195,G(0.5),0.6787128524591882,"M(0.5,0.01)",0.6574991953513254,global,0.9687442826064084
0.55,0.2,G(0.5),0.6787128524591882,"M(0.5,0.01)",0.6524991953513255,global,0.9613773969169989
0.6,0.0,G(0.5),0.7138214481128353,"M(0.5,0.01)",0.8682981973502907,modular,1.2164081082823346
0.6,0.005,G(0.5),0.7138214481128353,"M(0.5,0.01)",0.8632981973502907,modular,1.209403555514666
0.6,0.01,G(0.5),0.7138214481128353,"M(0.5,0.01)",0.8582981973502907,modular,1.2023990027469973
0.6,0.015,G(0.5),0.7138214481128353,"M(0.5,0.01)",0.8532981973502907,modular,1.1953944499793288
0.6,0.02,G(0.5),0.7138214481128353,"M(0.5,0.01)",0.8482981973502907,modular,1.18838989721166
0.6,0.025,G(0.5),0.7138214481128353,"M(0.5,0.01)",0.8432981973502907,modular,1.1813853444439915
0.6,0.03,G(0.5),0.7138214481128353,"M(0.5,0.01)",0.8382981973502907,modular,1.1743807916763227
0.6,0.035,G(0.5),0.7138214481128353,"M(0.5,0.01)",0.8332981973502906,modular,1.167376238908654
0.6,0.04,G(0.5),0.7138214481128353,"M(0.5,0.01)",0.8282981973502906,modular,1.1603716861409854
0.6,0.045,G(0.5),0.7138214481128353,"M(0.5,0.01)",0.8232981973502906,modular,1.1533671333733166
0.6,0.05,G(0.5),0.7138214481128353,"M(0.5,0.01)",0.8182981973502906,modular,1.146362580605648
0.6,0.055,G(0.5),0.7138214481128353,"M(0.5,0.01)",0.8132981973502906,modular,1.1393580278379793
0.6,0.06,G(0.5),0.7138214481128353,"M(0.5,0.01)",0.8082981973502907,modular,1.132353475070311
0.6,0.065,G(0.5),0.7138214481128353,"M(0.5,0.01)",0.8032981973502906,modular,1.125348922302642
0.6,0.07,G(0.5),0.7138214481128353,"M(0.5,0.01)",0.7982981973502907,modular,1.1183443695349737
0.6,0.075,G(0.5),0.7138214481128353,"M(0.5,0.01)",0.7932981973502907,modular,1.111339816767305
0.6,0.08,G(0.5),0.7138214481128353,"M(0.5,0.01)",0.7882981973502907,modular,1.1043352639996364
0.6,0.085,G(0.5),0.7138214481128353,"M(0.5,0.01)",0.7832981973502907,modular,1.0973307112319677
0.6,0.09,G(0.5),0.7138214481128353,"M(0.5,0.01)",0.7782981973502907,modular,1.0903261584642991
0.6,0.095,G(0.5),0.7138214481128353,"M(0.5,0.01)",0.7732981973502907,modular,1.0833216056966304
0.6,0.1,G(0.5),0.7138214481128353,"M(0.5,0.01)",0.7682981973502907,modular,1.0763170529289618
0.6,0.105,G(0.5),0.7138214481128353,"M(0.5,0.01)",0.7632981973502907,modular,1.069312500161293
0.6,0.11,G(0.5),0.7138214481128353,"M(0.5,0.01)",0.7582981973502907,modular,1.0623079473936246
0.6,0.115,G(0.5),0.7138214481128353,"M(0.5,0.01)",0.7532981973502907,modular,1.0553033946259558
0.6,0.12,G(0.5),0.7138214481128353,"M(0.5,0.01)",0.7482981973502907,modular,1.0482988418582873
0.6,0.125,G(0.5),0.7138214481128353,"M(0.5,0.01)",0.7432981973502907,modular,1.0412942890906185
0.6,0.13,G(0.5),0.7138214481128353,"M(0.5,0.01)",0.7382981973502907,modular,1.03428973632295
0.6,0.135,G(0.5),0.7138214481128353,"M(0.5,0.01)",0.7332981973502907,modular,1.0272851835552812
0.6,0.14,G(0.5),0.7138214481128353,"M(0.5,0.01)",0.7282981973502907,modular,1.0202806307876124
0.6,0.145,G(0.5),0.7138214481128353,"M(0.5,0.01)",0.7232981973502907,modular,1.013276078019944
0.6,0.15,G(0.5),0.7138214481128353,"M(0.5,0.01)",0.7182981973502907,modular,1.0062715252522751
0.6,0.155,G(0.5),0.7138214481128353,"M(0.5,0.01)",0.7132981973502907,global,0.9992669724846066
0.6,0.16,G(0.5),0.7138214481128353,"M(0.5,0.01)",0.7082981973502906,global,0.992262419716938
0.6,0.165,G(0.5),0.7138214481128353,"M(0.5,0.01)",0.7032981973502906,global,0.9852578669492693
0.6,0.17,G(0.5),0.7138214481128353,"M(0.5,0.01)",0.6982981973502906,global,0.9782533141816007
0.6,0.175,G(0.5),0.7138214481128353,"M(0.5,0.01)",0.6932981973502907,global,0.9712487614139321
0.6,0.18,G(0.5),0.7138214481128353,"M(0.5,0.01)",0.6882981973502906,global,0.9642442086462634
0.6,0.185,G(0.5),0.7138214481128353,"M(0.5,0.01)",0.6832981973502907,global,0.9572396558785948
0.6,0.19,G(0.5),0.7138214481128353,"M(0.5,0.01)",0.6782981973502906,global,0.9502351031109261
0.6,0.195,G(0.5),0.7138214481128353,"M(0.5,0.01)",0.6732981973502907,global,0.9432305503432575
0.6,0.2,G(0.5),0.7138214481128353,"M(0.5,0.01)",0.6682981973502906,global,0.9362259975755888
0.65,0.0,G(0.5),0.7489300437664824,"M(0.5,0.01)",0.8840971993492559,modular,1.1804803488761078
0.65,0.005,G(0.5),0.7489300437664824,"M(0.5,0.01)",0.8790971993492559,modular,1.1738041578999063
0.65,0.01,G(0.5),0.7489300437664824,"M(0.5,0.01)",0.8740971993492559,modular,1.167127966923705
0.65,0.015,G(0.5),0.7489300437664824,"M(0.5,0.01)",0.8690971993492559,modular,1.1604517759475033
0.65,0.02,G(0.5),0.7489300437664824,"M(0.5,0.01)",0.8640971993492559,modular,1.1537755849713018
0.65,0.025,G(0.5),0.7489300437664824,"M(0.5,0.01)",0.8590971993492559,modular,1.1470993939951002
0.65,0.03,G(0.5),0.7489300437664824,"M(0.5,0.01)",0.8540971993492559,modular,1.1404232030188988
0.65,0.035,G(0.5),0.7489300437664824,"M(0.5,0.01)",0.8490971993492559,modular,1.1337470120426971
0.65,0.04,G(0.5),0.7489300437664824,"M(0.5,0.01)",0.8440971993492559,modular,1.1270708210664957
0.65,0.045,G(0.5),0.7489300437664824,"M(0.5,0.01)",0.8390971993492559,modular,1.120394630090294
0.65,0.05,G(0.5),0.7489300437664824,"M(0.5,0.01)",0.8340971993492559,modular,1.1137184391140926
0.65,0.055,G(0.5),0.7489300437664824,"M(0.5,0.01)",0.8290971993492559,modular,1.107042248137891
0.65,0.06,G(0.5),0.7489300437664824,"M(0.5,0.01)",0.8240971993492558,modular,1.1003660571616896
0.65,0.065,G(0.5),0.7489300437664824,"M(0.5,0.01)",0.819097199349256,modular,1.0936898661854881
0.65,0.07,G(0.5),0.7489300437664824,"M(0.5,0.01)",0.8140971993492558,modular,1.0870136752092865
0.65,0.075,G(0.5),0.7489300437664824,"M(0.5,0.01)",0.809097199349256,modular,1.080337484233085
0.65,0.08,G(0.5),0.7489300437664824,"M(0.5,0.01)",0.8040971993492559,modular,1.0736612932568836
0.65,0.085,G(0.5),0.7489300437664824,"M(0.5,0.01)",0.7990971993492559,modular,1.066985102280682
0.65,0.09,G(0.5),0.7489300437664824,"M(0.5,0.01)",0.7940971993492559,modular,1.0603089113044806
0.65,0.095,G(0.5),0.7489300437664824,"M(0.5,0.01)",0.7890971993492559,modular,1.053632720328279
0.65,0.1,G(0.5),0.7489300437664824,"M(0.5,0.01)",0.7840971993492559,modular,1.0469565293520775
0.65,0.105,G(0.5),0.7489300437664824,"M(0.5,0.01)",0.7790971993492559,modular,1.0402803383758759
0.65,0.11,G(0.5),0.7489300437664824,"M(0.5,0.01)",0.7740971993492559,modular,1.0336041473996744
0.65,0.115,G(0.5),0.7489300437664824,"M(0.5,0.01)",0.7690971993492559,modular,1.0269279564234728
0.65,0.12,G(0.5),0.7489300437664824,"M(0.5,0.01)",0.7640971993492559,modular,1.0202517654472714
0.65,0.125,G(0.5),0.7489300437664824,"M(0.5,0.01)",0.7590971993492559,modular,1.01357557447107
0.65,0.13,G(0.5),0.7489300437664824,"M(0.5,0.01)",0.7540971993492559,modular,1.0068993834948683
0.65,0.135,G(0.5),0.7489300437664824,"M(0.5,0.01)",0.7490971993492559,modular,1.0002231925186669
0.65,0.14,G(0.5),0.7489300437664824,"M(0.5,0.01)",0.7440971993492559,global,0.9935470015424652
0.65,0.145,G(0.5),0.7489300437664824,"M(0.5,0.01)",0.7390971993492559,global,0.9868708105662637
0.65,0.15,G(0.5),0.7489300437664824,"M(0.5,0.01)",0.7340971993492559,global,0.9801946195900622
0.65,0.155,G(0.5),0.7489300437664824,"M(0.5,0.01)",0.7290971993492559,global,0.9735184286138607
0.65,0.16,G(0.5),0.7489300437664824,"M(0.5,0.01)",0.7240971993492559,global,0.9668422376376592
0.65,0.165,G(0.5),0.7489300437664824,"M(0.5,0.01)",0.7190971993492559,global,0.9601660466614577
0.65,0.17,G(0.5),0.7489300437664824,"M(0.5,0.01)",0.7140971993492559,global,0.9534898556852561
0.65,0.175,G(0.5),0.7489300437664824,"M(0.5,0.01)",0.7090971993492559,global,0.9468136647090546
0.65,0.18,G(0.5),0.7489300437664824,"M(0.5,0.01)",0.704097199349256,global,0.9401374737328532
0.65,0.185,G(0.5),0.7489300437664824,"M(0.5,0.01)",0.6990971993492558,global,0.9334612827566515
0.65,0.19,G(0.5),0.7489300437664824,"M(0.5,0.01)",0.694097199349256,global,0.9267850917804501
0.65,0.195,G(0.5),0.7489300437664824,"M(0.5,0.01)",0.6890971993492558,global,0.9201089008042485
0.65,0.2,G(0.5),0.7489300437664824,"M(0.5,0.01)",0.684097199349256,global,0.9134327098280471
0.7,0.0,G(0.5),0.7840386394201294,"M(0.5,0.01)",0.899896201348221,modular,1.1477702196077724
0.7,0.005,G(0.5),0.7840386394201294,"M(0.5,0.01)",0.894896201348221,modular,1.1413929828893143
0.7,0.01,G(0.5),0.7840386394201294,"M(0.5,0.01)",0.889896201348221,modular,1.135015746170856
0.7,0.015,G(0.5),0.7840386394201294,"M(0.5,0.01)",0.884896201348221,modular,1.128638509452398
0.7,0.02,G(0.5),0.7840386394201294,"M(0.5,0.01)",0.879896201348221,modular,1.1222612727339398
0.7,0.025,G(0.5),0.7840386394201294,"M(0.5,0.01)",0.874896201348221,modular,1.1158840360154818
0.7,0.03,G(0.5),0.7840386394201294,"M(0.5,0.01)",0.869896201348221,modular,1.1095067992970236
0.7,0.035,G(0.5),0.7840386394201294,"M(0.5,0.01)",0.864896201348221,modular,1.1031295625785655
0.7,0.04,G(0.5),0.7840386394201294,"M(0.5,0.01)",0.859896201348221,modular,1.0967523258601073
0.7,0.045,G(0.5),0.7840386394201294,"M(0.5,0.01)",0.854896201348221,modular,1.0903750891416493
0.7,0.05,G(0.5),0.7840386394201294,"M(0.5,0.01)",0.849896201348221,modular,1.083997852423191
0.7,0.055,G(0.5),0.7840386394201294,"M(0.5,0.01)",0.844896201348221,modular,1.077620615704733
0.7,0.06,G(0.5),0.7840386394201294,"M(0.5,0.01)",0.839896201348221,modular,1.0712433789862748
0.7,0.065,G(0.5),0.7840386394201294,"M(0.5,0.01)",0.8348962013482211,modular,1.0648661422678167
0.7,0.07,G(0.5),0.7840386394201294,"M(0.5,0.01)",0.829896201348221,modular,1.0584889055493585
0.7,0.075,G(0.5),0.7840386394201294,"M(0.5,0.01)",0.8248962013482211,modular,1.0521116688309005
0.7,0.08,G(0.5),0.7840386394201294,"M(0.5,0.01)",0.819896201348221,modular,1.0457344321124424
0.7,0.085,G(0.5),0.7840386394201294,"M(0.5,0.01)",0.814896201348221,modular,1.0393571953939844
0.7,0.09,G(0.5),0.7840386394201294,"M(0.5,0.01)",0.809896201348221,modular,1.0329799586755262
0.7,0.095,G(0.5),0.7840386394201294,"M(0.5,0.01)",0.804896201348221,modular,1.0266027219570681
0.7,0.1,G(0.5),0.7840386394201294,"M(0.5,0.01)",0.799896201348221,modular,1.02022548523861
0.7,0.105,G(0.5),0.7840386394201294,"M(0.5,0.01)",0.794896201348221,modular,1.0138482485201519
0.7,0.11,G(0.5),0.7840386394201294,"M(0.5,0.01)",0.789896201348221,modular,1.0074710118016936
0.7,0.115,G(0.5),0.7840386394201294,"M(0.5,0.01)",0.784896201348221,modular,1.0010937750832356
0.7,0.12,G(0.5),0.7840386394201294,"M(0.5,0.01)",0.779896201348221,global,0.9947165383647774
0.7,0.125,G(0.5),0.7840386394201294,"M(0.5,0.01)",0.774896201348221,global,0.9883393016463192
0.7,0.13,G(0.5),0.7840386394201294,"M(0.5,0.01)",0.769896201348221,global,0.9819620649278611
0.7,0.135,G(0.5),0.7840386394201294,"M(0.5,0.01)",0.764896201348221,global,0.975584828209403
0.7,0.14,G(0.5),0.7840386394201294,"M(0.5,0.01)",0.759896201348221,global,0.9692075914909448
0.7,0.145,G(0.5),0.7840386394201294,"M(0.5,0.01)",0.754896201348221,global,0.9628303547724867
0.7,0.15,G(0.5),0.7840386394201294,"M(0.5,0.01)",0.749896201348221,global,0.9564531180540286
0.7,0.155,G(0.5),0.7840386394201294,"M(0.5,0.01)",0.744896201348221,global,0.9500758813355704
0.7,0.16,G(0.5),0.7840386394201294,"M(0.5,0.01)",0.739896201348221,global,0.9436986446171123
0.7,0.165,G(0.5),0.7840386394201294,"M(0.5,0.01)",0.734896201348221,global,0.9373214078986541
0.7,0.17,G(0.5),0.7840386394201294,"M(0.5,0.01)",0.729896201348221,global,0.930944171180196
0.7,0.175,G(0.5),0.7840386394201294,"M(0.5,0.01)",0.724896201348221,global,0.924566934461738
0.7,0.18,G(0.5),0.7840386394201294,"M(0.5,0.01)",0.7198962013482211,global,0.91818969774328
0.7,0.185,G(0.5),0.7840386394201294,"M(0.5,0.01)",0.714896201348221,global,0.9118124610248217
0.7,0.19,G(0.5),0.7840386394201294,"M(0.5,0.01)",0.7098962013482211,global,0.9054352243063637
0.7,0.195,G(0.5),0.7840386394201294,"M(0.5,0.01)",0.704896201348221,global,0.8990579875879054
0.7,0.2,G(0.5),0.7840386394201294,"M(0.5,0.01)",0.6998962013482211,global,0.8926807508694474
0.75,0.0,G(0.5),0.8191472350737766,"M(0.5,0.01)",0.9156952033471862,modular,1.1178639982404555
0.75,0.005,G(0.5),0.8191472350737766,"M(0.5,0.01)",0.9106952033471862,modular,1.1117600894607969
0.75,0.01,G(0.5),0.8191472350737766,"M(0.5,0.01)",0.9056952033471862,modular,1.105656180681138
0.75,0.015,G(0.5),0.8191472350737766,"M(0.5,0.01)",0.9006952033471862,modular,1.0995522719014794
0.75,0.02,G(0.5),0.8191472350737766,"M(0.5,0.01)",0.8956952033471862,modular,1.0934483631218206
0.75,0.025,G(0.5),0.8191472350737766,"M(0.5,0.01)",0.8906952033471862,modular,1.0873444543421618
0.75,0.03,G(0.5),0.8191472350737766,"M(0.5,0.01)",0.8856952033471862,modular,1.0812405455625032
0.75,0.035,G(0.5),0.8191472350737766,"M(0.5,0.01)",0.8806952033471862,modular,1.0751366367828443
0.75,0.04,G(0.5),0.8191472350737766,"M(0.5,0.01)",0.8756952033471862,modular,1.0690327280031857
0.75,0.045,G(0.5),0.8191472350737766,"M(0.5,0.01)",0.8706952033471862,modular,1.0629288192235269
0.75,0.05,G(0.5),0.8191472350737766,"M(0.5,0.01)",0.8656952033471862,modular,1.056824910443868
0.75,0.055,G(0.5),0.8191472350737766,"M(0.5,0.01)",0.8606952033471862,modular,1.0507210016642095
0.75,0.06,G(0.5),0.8191472350737766,"M(0.5,0.01)",0.8556952033471863,modular,1.0446170928845508
0.75,0.065,G(0.5),0.8191472350737766,"M(0.5,0.01)",0.8506952033471862,modular,1.038513184104892
0.75,0.07,G(0.5),0.8191472350737766,"M(0.5,0.01)",0.8456952033471863,modular,1.0324092753252334
0.75,0.075,G(0.5),0.8191472350737766,"M(0.5,0.01)",0.8406952033471863,modular,1.0263053665455746
0.75,0.08,G(0.5),0.8191472350737766,"M(0.5,0.01)",0.8356952033471863,modular,1.0202014577659158
0.75,0.085,G(0.5),0.8191472350737766,"M(0.5,0.01)",0.8306952033471863,modular,1.0140975489862571
0.75,0.09,G(0.5),0.8191472350737766,"M(0.5,0.01)",0.8256952033471863,modular,1.0079936402065983
0.75,0.095,G(0.5),0.8191472350737766,"M(0.5,0.01)",0.8206952033471863,modular,1.0018897314269397
0.75,0.1,G(0.5),0.8191472350737766,"M(0.5,0.01)",0.8156952033471863,global,0.9957858226472809
0.75,0.105,G(0.5),0.8191472350737766,"M(0.5,0.01)",0.8106952033471863,global,0.9896819138676222
0.75,0.11,G(0.5),0.8191472350737766,"M(0.5,0.01)",0.8056952033471863,global,0.9835780050879634
0.75,0.115,G(0.5),0.8191472350737766,"M(0.5,0.01)",0.8006952033471862,global,0.9774740963083047
0.75,0.12,G(0.5),0.8191472350737766,"M(0.5,0.01)",0.7956952033471862,global,0.971370187528646
0.75,0.125,G(0.5),0.8191472350737766,"M(0.5,0.01)",0.7906952033471862,global,0.9652662787489872
0.75,0.13,G(0.5),0.8191472350737766,"M(0.5,0.01)",0.7856952033471862,global,0.9591623699693285
0.75,0.135,G(0.5),0.8191472350737766,"M(0.5,0.01)",0.7806952033471862,global,0.9530584611896697
0.75,0.14,G(0.5),0.8191472350737766,"M(0.5,0.01)",0.7756952033471862,global,0.946954552410011
0.75,0.145,G(0.5),0.8191472350737766,"M(0.5,0.01)",0.7706952033471862,global,0.9408506436303523
0.75,0.15,G(0.5),0.8191472350737766,"M(0.5,0.01)",0.7656952033471862,global,0.9347467348506936
0.75,0.155,G(0.5),0.8191472350737766,"M(0.5,0.01)",0.7606952033471862,global,0.9286428260710348
0.75,0.16,G(0.5),0.8191472350737766,"M(0.5,0.01)",0.7556952033471862,global,0.922538917291376
0.75,0.165,G(0.5),0.8191472350737766,"M(0.5,0.01)",0.7506952033471862,global,0.9164350085117173
0.75,0.17,G(0.5),0.8191472350737766,"M(0.5,0.01)",0.7456952033471862,global,0.9103310997320586
0.75,0.175,G(0.5),0.8191472350737766,"M(0.5,0.01)",0.7406952033471863,global,0.9042271909524
0.75,0.18,G(0.5),0.8191472350737766,"M(0.5,0.01)",0.7356952033471862,global,0.8981232821727412
0.75,0.185,G(0.5),0.8191472350737766,"M(0.5,0.01)",0.7306952033471863,global,0.8920193733930826
0.75,0.19,G(0.5),0.8191472350737766,"M(0.5,0.01)",0.7256952033471862,global,0.8859154646134236
0.75,0.195,G(0.5),0.8191472350737766,"M(0.5,0.01)",0.7206952033471863,global,0.879811555833765
0.75,0.2,G(0.5),0.8191472350737766,"M(0.5,0.01)",0.7156952033471862,global,0.8737076470541062
0.8,0.0,G(0.5),0.8542558307274237,"M(0.5,0.01)",0.9314942053461515,modular,1.0904159759178431
0.8,0.005,G(0.5),0.8542558307274237,"M(0.5,0.01)",0.9264942053461515,modular,1.0845629283644627
0.8,0.01,G(0.5),0.8542558307274237,"M(0.5,0.01)",0.9214942053461515,modular,1.0787098808110824
0.8,0.015,G(0.5),0.8542558307274237,"M(0.5,0.01)",0.9164942053461514,modular,1.0728568332577022
0.8,0.02,G(0.5),0.8542558307274237,"M(0.5,0.01)",0.9114942053461514,modular,1.0670037857043217
0.8,0.025,G(0.5),0.8542558307274237,"M(0.5,0.01)",0.9064942053461514,modular,1.0611507381509415
0.8,0.03,G(0.5),0.8542558307274237,"M(0.5,0.01)",0.9014942053461514,modular,1.0552976905975613
0.8,0.035,G(0.5),0.8542558307274237,"M(0.5,0.01)",0.8964942053461514,modular,1.0494446430441808
0.8,0.04,G(0.5),0.8542558307274237,"M(0.5,0.01)",0.8914942053461514,modular,1.0435915954908006
0.8,0.045,G(0.5),0.8542558307274237,"M(0.5,0.01)",0.8864942053461514,modular,1.0377385479374204
0.8,0.05,G(0.5),0.8542558307274237,"M(0.5,0.01)",0.8814942053461514,modular,1.03188550038404
0.8,0.055,G(0.5),0.8542558307274237,"M(0.5,0.01)",0.8764942053461514,modular,1.0260324528306597
0.8,0.06,G(0.5),0.8542558307274237,"M(0.5,0.01)",0.8714942053461514,modular,1.0201794052772795
0.8,0.065,G(0.5),0.8542558307274237,"M(0.5,0.01)",0.8664942053461515,modular,1.0143263577238992
0.8,0.07,G(0.5),0.8542558307274237,"M(0.5,0.01)",0.8614942053461514,modular,1.0084733101705188
0.8,0.075,G(0.5),0.8542558307274237,"M(0.5,0.01)",0.8564942053461515,modular,1.0026202626171385
0.8,0.08,G(0.5),0.8542558307274237,"M(0.5,0.01)",0.8514942053461515,global,0.9967672150637583
0.8,0.085,G(0.5),0.8542558307274237,"M(0.5,0.01)",0.8464942053461515,global,0.9909141675103781
0.8,0.09,G(0.5),0.8542558307274237,"M(0.5,0.01)",0.8414942053461515,global,0.9850611199569977
0.8,0.095,G(0.5),0.8542558307274237,"M(0.5,0.01)",0.8364942053461515,global,0.9792080724036174
0.8,0.1,G(0.5),0.8542558307274237,"M(0.5,0.01)",0.8314942053461515,global,0.9733550248502372
0.8,0.105,G(0.5),0.8542558307274237,"M(0.5,0.01)",0.8264942053461515,global,0.9675019772968568
0.8,0.11,G(0.5),0.8542558307274237,"M(0.5,0.01)",0.8214942053461515,global,0.9616489297434765
0.8,0.115,G(0.5),0.8542558307274237,"M(0.5,0.01)",0.8164942053461515,global,0.9557958821900963
0.8,0.12,G(0.5),0.8542558307274237,"M(0.5,0.01)",0.8114942053461515,global,0.9499428346367159
0.8,0.125,G(0.5),0.8542558307274237,"M(0.5,0.01)",0.8064942053461515,global,0.9440897870833356
0.8,0.13,G(0.5),0.8542558307274237,"M(0.5,0.01)",0.8014942053461515,global,0.9382367395299553
0.8,0.135,G(0.5),0.8542558307274237,"M(0.5,0.01)",0.7964942053461515,global,0.932383691976575
0.8,0.14,G(0.5),0.8542558307274237,"M(0.5,0.01)",0.7914942053461514,global,0.9265306444231948
0.8,0.145,G(0.5),0.8542558307274237,"M(0.5,0.01)",0.7864942053461514,global,0.9206775968698144
0.8,0.15,G(0.5),0.8542558307274237,"M(0.5,0.01)",0.7814942053461514,global,0.9148245493164341
0.8,0.155,G(0.5),0.8542558307274237,"M(0.5,0.01)",0.7764942053461514,global,0.9089715017630539
0.8,0.16,G(0.5),0.8542558307274237,"M(0.5,0.01)",0.7714942053461514,global,0.9031184542096735
0.8,0.165,G(0.5),0.8542558307274237,"M(0.5,0.01)",0.7664942053461514,global,0.8972654066562932
0.8,0.17,G(0.5),0.8542558307274237,"M(0.5,0.01)",0.7614942053461514,global,0.8914123591029129
0.8,0.175,G(0.5),0.8542558307274237,"M(0.5,0.01)",0.7564942053461514,global,0.8855593115495326
0.8,0.18,G(0.5),0.8542558307274237,"M(0.5,0.01)",0.7514942053461515,global,0.8797062639961525
0.8,0.185,G(0.5),0.8542558307274237,"M(0.5,0.01)",0.7464942053461514,global,0.873853216442772
0.8,0.19,G(0.5),0.8542558307274237,"M(0.5,0.01)",0.7414942053461515,global,0.8680001688893918
0.8,0.195,G(0.5),0.8542558307274237,"M(0.5,0.01)",0.7364942053461514,global,0.8621471213360113
0.8,0.2,G(0.5),0.8542558307274237,"M(0.5,0.01)",0.7314942053461515,global,0.8562940737826312
0.85,0.0,G(0.5),0.8893644263810707,"M(0.5,0.01)",0.9472932073451165,modular,1.0651350326657036
0.85,0.005,G(0.5),0.8893644263810707,"M(0.5,0.01)",0.9422932073451165,modular,1.0595130403173638
0.85,0.01,G(0.5),0.8893644263810707,"M(0.5,0.01)",0.9372932073451165,modular,1.053891047969024
0.85,0.015,G(0.5),0.8893644263810707,"M(0.5,0.01)",0.9322932073451164,modular,1.0482690556206842
0.85,0.02,G(0.5),0.8893644263810707,"M(0.5,0.01)",0.9272932073451164,modular,1.0426470632723444
0.85,0.025,G(0.5),0.8893644263810707,"M(0.5,0.01)",0.9222932073451164,modular,1.0370250709240045
0.85,0.03,G(0.5),0.8893644263810707,"M(0.5,0.01)",0.9172932073451164,modular,1.0314030785756647
0.85,0.035,G(0.5),0.8893644263810707,"M(0.5,0.01)",0.9122932073451164,modular,1.025781086227325
0.85,0.04,G(0.5),0.8893644263810707,"M(0.5,0.01)",0.9072932073451164,modular,1.020159093878985
0.85,0.045,G(0.5),0.8893644263810707,"M(0.5,0.01)",0.9022932073451164,modular,1.0145371015306452
0.85,0.05,G(0.5),0.8893644263810707,"M(0.5,0.01)",0.8972932073451164,modular,1.0089151091823054
0.85,0.055,G(0.5),0.8893644263810707,"M(0.5,0.01)",0.8922932073451164,modular,1.0032931168339656
0.85,0.06,G(0.5),0.8893644263810707,"M(0.5,0.01)",0.8872932073451165,global,0.997671124485626
0.85,0.065,G(0.5),0.8893644263810707,"M(0.5,0.01)",0.8822932073451164,global,0.992049132137286
0.85,0.07,G(0.5),0.8893644263810707,"M(0.5,0.01)",0.8772932073451165,global,0.9864271397889464
0.85,0.075,G(0.5),0.8893644263810707,"M(0.5,0.01)",0.8722932073451165,global,0.9808051474406065
0.85,0.08,G(0.5),0.8893644263810707,"M(0.5,0.01)",0.8672932073451165,global,0.9751831550922667
0.85,0.085,G(0.5),0.8893644263810707,"M(0.5,0.01)",0.8622932073451165,global,0.9695611627439269
0.85,0.09,G(0.5),0.8893644263810707,"M(0.5,0.01)",0.8572932073451165,global,0.9639391703955871
0.85,0.095,G(0.5),0.8893644263810707,"M(0.5,0.01)",0.8522932073451165,global,0.9583171780472473
0.85,0.1,G(0.5),0.8893644263810707,"M(0.5,0.01)",0.8472932073451165,global,0.9526951856989074
0.85,0.105,G(0.5),0.8893644263810707,"M(0.5,0.01)",0.8422932073451165,global,0.9470731933505676
0.85,0.11,G(0.5),0.8893644263810707,"M(0.5,0.01)",0.8372932073451165,global,0.9414512010022278
0.85,0.115,G(0.5),0.8893644263810707,"M(0.5,0.01)",0.8322932073451165,global,0.9358292086538881
0.85,0.12,G(0.5),0.8893644263810707,"M(0.5,0.01)",0.8272932073451165,global,0.9302072163055483
0.85,0.125,G(0.5),0.8893644263810707,"M(0.5,0.01)",0.8222932073451165,global,0.9245852239572084
0.85,0.13,G(0.5),0.8893644263810707,"M(0.5,0.01)",0.8172932073451165,global,0.9189632316088686
0.85,0.135,G(0.5),0.8893644263810707,"M(0.5,0.01)",0.8122932073451165,global,0.9133412392605288
0.85,0.14,G(0.5),0.8893644263810707,"M(0.5,0.01)",0.8072932073451164,global,0.907719246912189
0.85,0.145,G(0.5),0.8893644263810707,"M(0.5,0.01)",0.8022932073451164,global,0.9020972545638491
0.85,0.15,G(0.5),0.8893644263810707,"M(0.5,0.01)",0.7972932073451164,global,0.8964752622155093
0.85,0.155,G(0.5),0.8893644263810707,"M(0.5,0.01)",0.7922932073451164,global,0.8908532698671695
0.85,0.16,G(0.5),0.8893644263810707,"M(0.5,0.01)",0.7872932073451164,global,0.8852312775188297
0.85,0.165,G(0.5),0.8893644263810707,"M(0.5,0.01)",0.7822932073451164,global,0.87960928517049
0.85,0.17,G(0.5),0.8893644263810707,"M(0.5,0.01)",0.7772932073451164,global,0.8739872928221502
0.85,0.175,G(0.5),0.8893644263810707,"M(0.5,0.01)",0.7722932073451165,global,0.8683653004738104
0.85,0.18,G(0.5),0.8893644263810707,"M(0.5,0.01)",0.7672932073451164,global,0.8627433081254705
0.85,0.185,G(0.5),0.8893644263810707,"M(0.5,0.01)",0.7622932073451165,global,0.8571213157771308
0.85,0.19,G(0.5),0.8893644263810707,"M(0.5,0.01)",0.7572932073451164,global,0.8514993234287909
0.85,0.195,G(0.5),0.8893644263810707,"M(0.5,0.01)",0.7522932073451165,global,0.8458773310804512
0.85,0.2,G(0.5),0.8893644263810707,"M(0.5,0.01)",0.7472932073451164,global,0.8402553387321112
0.9,0.0,G(0.5),0.9244730220347178,"M(0.5,0.01)",0.9630922093440817,modular,1.0417742718163532
0.9,0.005,G(0.5),0.9244730220347178,"M(0.5,0.01)",0.9580922093440817,modular,1.0363657851641466
0.9,0.01,G(0.5),0.9244730220347178,"M(0.5,0.01)",0.9530922093440817,modular,1.0309572985119397
0.9,0.015,G(0.5),0.9244730220347178,"M(0.5,0.01)",0.9480922093440817,modular,1.0255488118597331
0.9,0.02,G(0.5),0.9244730220347178,"M(0.5,0.01)",0.9430922093440817,modular,1.0201403252075263
0.9,0.025,G(0.5),0.9244730220347178,"M(0.5,0.01)",0.9380922093440817,modular,1.0147318385553195
0.9,0.03,G(0.5),0.9244730220347178,"M(0.5,0.01)",0.9330922093440817,modular,1.0093233519031128
0.9,0.035,G(0.5),0.9244730220347178,"M(0.5,0.01)",0.9280922093440817,modular,1.003914865250906
0.9,0.04,G(0.5),0.9244730220347178,"M(0.5,0.01)",0.9230922093440816,global,0.9985063785986993
0.9,0.045,G(0.5),0.9244730220347178,"M(0.5,0.01)",0.9180922093440816,global,0.9930978919464926
0.9,0.05,G(0.5),0.9244730220347178,"M(0.5,0.01)",0.9130922093440816,global,0.9876894052942858
0.9,0.055,G(0.5),0.9244730220347178,"M(0.5,0.01)",0.9080922093440816,global,0.9822809186420791
0.9,0.06,G(0.5),0.9244730220347178,"M(0.5,0.01)",0.9030922093440816,global,0.9768724319898724
0.9,0.065,G(0.5),0.9244730220347178,"M(0.5,0.01)",0.8980922093440817,global,0.9714639453376657
0.9,0.07,G(0.5),0.9244730220347178,"M(0.5,0.01)",0.8930922093440816,global,0.9660554586854588
0.9,0.075,G(0.5),0.9244730220347178,"M(0.5,0.01)",0.8880922093440817,global,0.9606469720332522
0.9,0.08,G(0.5),0.9244730220347178,"M(0.5,0.01)",0.8830922093440817,global,0.9552384853810455
0.9,0.085,G(0.5),0.9244730220347178,"M(0.5,0.01)",0.8780922093440817,global,0.9498299987288388
0.9,0.09,G(0.5),0.9244730220347178,"M(0.5,0.01)",0.8730922093440817,global,0.9444215120766319
0.9,0.095,G(0.5),0.9244730220347178,"M(0.5,0.01)",0.8680922093440817,global,0.9390130254244252
0.9,0.1,G(0.5),0.9244730220347178,"M(0.5,0.01)",0.8630922093440817,global,0.9336045387722185
0.9,0.105,G(0.5),0.9244730220347178,"M(0.5,0.01)",0.8580922093440817,global,0.9281960521200118
0.9,0.11,G(0.5),0.9244730220347178,"M(0.5,0.01)",0.8530922093440817,global,0.922787565467805
0.9,0.115,G(0.5),0.9244730220347178,"M(0.5,0.01)",0.8480922093440817,global,0.9173790788155982
0.9,0.12,G(0.5),0.9244730220347178,"M(0.5,0.01)",0.8430922093440817,global,0.9119705921633915
0.9,0.125,G(0.5),0.9244730220347178,"M(0.5,0.01)",0.8380922093440817,global,0.9065621055111848
0.9,0.13,G(0.5),0.9244730220347178,"M(0.5,0.01)",0.8330922093440817,global,0.901153618858978
0.9,0.135,G(0.5),0.9244730220347178,"M(0.5,0.01)",0.8280922093440817,global,0.8957451322067712
0.9,0.14,G(0.5),0.9244730220347178,"M(0.5,0.01)",0.8230922093440817,global,0.8903366455545645
0.9,0.145,G(0.5),0.9244730220347178,"M(0.5,0.01)",0.8180922093440817,global,0.8849281589023578
0.9,0.15,G(0.5),0.9244730220347178,"M(0.5,0.01)",0.8130922093440817,global,0.879519672250151
0.9,0.155,G(0.5),0.9244730220347178,"M(0.5,0.01)",0.8080922093440817,global,0.8741111855979443
0.9,0.16,G(0.5),0.9244730220347178,"M(0.5,0.01)",0.8030922093440817,global,0.8687026989457375
0.9,0.165,G(0.5),0.9244730220347178,"M(0.5,0.01)",0.7980922093440816,global,0.8632942122935308
0.9,0.17,G(0.5),0.9244730220347178,"M(0.5,0.01)",0.7930922093440816,global,0.857885725641324
0.9,0.175,G(0.5),0.9244730220347178,"M(0.5,0.01)",0.7880922093440816,global,0.8524772389891173
0.9,0.18,G(0.5),0.9244730220347178,"M(0.5,0.01)",0.7830922093440817,global,0.8470687523369107
0.9,0.185,G(0.5),0.9244730220347178,"M(0.5,0.01)",0.7780922093440816,global,0.8416602656847038
0.9,0.19,G(0.5),0.9244730220347178,"M(0.5,0.01)",0.7730922093440817,global,0.8362517790324971
0.9,0.195,G(0.5),0.9244730220347178,"M(0.5,0.01)",0.7680922093440816,global,0.8308432923802903
0.9,0.2,G(0.5),0.9244730220347178,"M(0.5,0.01)",0.7630922093440817,global,0.8254348057280837
0.95,0.0,G(0.5),0.9595816176883649,"M(0.5,0.01)",0.9788912113430468,modular,1.0201229299298153
0.95,0.005,G(0.5),0.9595816176883649,"M(0.5,0.01)",0.9738912113430468,modular,1.0149123257374957
0.95,0.01,G(0.5),0.9595816176883649,"M(0.5,0.01)",0.9688912113430468,modular,1.0097017215451758
0.95,0.015,G(0.5),0.9595816176883649,"M(0.5,0.01)",0.9638912113430468,modular,1.0044911173528561
0.95,0.02,G(0.5),0.9595816176883649,"M(0.5,0.01)",0.9588912113430468,global,0.9992805131605362
0.95,0.025,G(0.5),0.9595816176883649,"M(0.5,0.01)",0.9538912113430468,global,0.9940699089682165
0.95,0.03,G(0.5),0.9595816176883649,"M(0.5,0.01)",0.9488912113430468,global,0.9888593047758967
0.95,0.035,G(0.5),0.9595816176883649,"M(0.5,0.01)",0.9438912113430468,global,0.9836487005835768
0.95,0.04,G(0.5),0.9595816176883649,"M(0.5,0.01)",0.9388912113430468,global,0.978438096391257
0.95,0.045,G(0.5),0.9595816176883649,"M(0.5,0.01)",0.9338912113430468,global,0.9732274921989372
0.95,0.05,G(0.5),0.9595816176883649,"M(0.5,0.01)",0.9288912113430468,global,0.9680168880066174
0.95,0.055,G(0.5),0.9595816176883649,"M(0.5,0.01)",0.9238912113430467,global,0.9628062838142977
0.95,0.06,G(0.5),0.9595816176883649,"M(0.5,0.01)",0.9188912113430467,global,0.9575956796219779
0.95,0.065,G(0.5),0.9595816176883649,"M(0.5,0.01)",0.9138912113430468,global,0.9523850754296582
0.95,0.07,G(0.5),0.9595816176883649,"M(0.5,0.01)",0.9088912113430467,global,0.9471744712373383
0.95,0.075,G(0.5),0.9595816176883649,"M(0.5,0.01)",0.9038912113430468,global,0.9419638670450186
0.95,0.08,G(0.5),0.9595816176883649,"M(0.5,0.01)",0.8988912113430468,global,0.9367532628526988
0.95,0.085,G(0.5),0.9595816176883649,"M(0.5,0.01)",0.8938912113430468,global,0.931542658660379
0.95,0.09,G(0.5),0.9595816176883649,"M(0.5,0.01)",0.8888912113430468,global,0.9263320544680592
0.95,0.095,G(0.5),0.9595816176883649,"M(0.5,0.01)",0.8838912113430468,global,0.9211214502757394
0.95,0.1,G(0.5),0.9595816176883649,"M(0.5,0.01)",0.8788912113430468,global,0.9159108460834197
0.95,0.105,G(0.5),0.9595816176883649,"M(0.5,0.01)",0.8738912113430468,global,0.9107002418910999
0.95,0.11,G(0.5),0.9595816176883649,"M(0.5,0.01)",0.8688912113430468,global,0.90548963769878
0.95,0.115,G(0.5),0.9595816176883649,"M(0.5,0.01)",0.8638912113430468,global,0.9002790335064602
0.95,0.12,G(0.5),0.9595816176883649,"M(0.5,0.01)",0.8588912113430468,global,0.8950684293141404
0.95,0.125,G(0.5),0.9595816176883649,"M(0.5,0.01)",0.8538912113430468,global,0.8898578251218207
0.95,0.13,G(0.5),0.9595816176883649,"M(0.5,0.01)",0.8488912113430468,global,0.8846472209295009
0.95,0.135,G(0.5),0.9595816176883649,"M(0.5,0.01)",0.8438912113430468,global,0.8794366167371811
0.95,0.14,G(0.5),0.9595816176883649,"M(0.5,0.01)",0.8388912113430468,global,0.8742260125448613
0.95,0.145,G(0.5),0.9595816176883649,"M(0.5,0.01)",0.8338912113430468,global,0.8690154083525414
0.95,0.15,G(0.5),0.9595816176883649,"M(0.5,0.01)",0.8288912113430468,global,0.8638048041602217
0.95,0.155,G(0.5),0.9595816176883649,"M(0.5,0.01)",0.8238912113430468,global,0.8585941999679019
0.95,0.16,G(0.5),0.9595816176883649,"M(0.5,0.01)",0.8188912113430468,global,0.8533835957755821
0.95,0.165,G(0.5),0.9595816176883649,"M(0.5,0.01)",0.8138912113430468,global,0.8481729915832623
0.95,0.17,G(0.5),0.9595816176883649,"M(0.5,0.01)",0.8088912113430468,global,0.8429623873909425
0.95,0.175,G(0.5),0.9595816176883649,"M(0.5,0.01)",0.8038912113430468,global,0.8377517831986228
0.95,0.18,G(0.5),0.9595816176883649,"M(0.5,0.01)",0.7988912113430469,global,0.832541179006303
0.95,0.185,G(0.5),0.9595816176883649,"M(0.5,0.01)",0.7938912113430467,global,0.8273305748139831
0.95,0.19,G(0.5),0.9595816176883649,"M(0.5,0.01)",0.7888912113430468,global,0.8221199706216634
0.95,0.195,G(0.5),0.9595816176883649,"M(0.5,0.01)",0.7838912113430467,global,0.8169093664293435
0.95,0.2,G(0.5),0.9595816176883649,"M(0.5,0.01)",0.7788912113430468,global,0.8116987622370239
1.0,0.0,G(0.5),0.994690213342012,"M(0.5,0.5)",0.994690213342012,tie,1.0
1.0,0.005,G(0.5),0.994690213342012,"M(0.5,0.5)",0.989690213342012,global,0.9949733093450264
1.0,0.01,G(0.5),0.994690213342012,"M(0.5,0.5)",0.984690213342012,global,0.9899466186900527
1.0,0.015,G(0.5),0.994690213342012,"M(0.5,0.5)",0.979690213342012,global,0.9849199280350791
1.0,0.02,G(0.5),0.994690213342012,"M(0.5,0.5)",0.974690213342012,global,0.9798932373801056
1.0,0.025,G(0.5),0.994690213342012,"M(0.5,0.5)",0.969690213342012,global,0.974866546725132
1.0,0.03,G(0.5),0.994690213342012,"M(0.5,0.5)",0.964690213342012,global,0.9698398560701583
1.0,0.035,G(0.5),0.994690213342012,"M(0.5,0.5)",0.959690213342012,global,0.9648131654151847
1.0,0.04,G(0.5),0.994690213342012,"M(0.5,0.5)",0.954690213342012,global,0.9597864747602111
1.0,0.045,G(0.5),0.994690213342012,"M(0.5,0.5)",0.949690213342012,global,0.9547597841052374
1.0,0.05,G(0.5),0.994690213342012,"M(0.5,0.5)",0.944690213342012,global,0.9497330934502638
1.0,0.055,G(0.5),0.994690213342012,"M(0.5,0.5)",0.939690213342012,global,0.9447064027952902
1.0,0.06,G(0.5),0.994690213342012,"M(0.5,0.5)",0.9346902133420121,global,0.9396797121403168
1.0,0.065,G(0.5),0.994690213342012,"M(0.5,0.5)",0.929690213342012,global,0.934653021485343
1.0,0.07,G(0.5),0.994690213342012,"M(0.5,0.5)",0.9246902133420121,global,0.9296263308303695
1.0,0.075,G(0.5),0.994690213342012,"M(0.5,0.5)",0.9196902133420121,global,0.9245996401753959
1.0,0.08,G(0.5),0.994690213342012,"M(0.5,0.5)",0.9146902133420121,global,0.9195729495204222
1.0,0.085,G(0.5),0.994690213342012,"M(0.5,0.5)",0.909690213342012,global,0.9145462588654486
1.0,0.09,G(0.5),0.994690213342012,"M(0.5,0.5)",0.904690213342012,global,0.909519568210475
1.0,0.095,G(0.5),0.994690213342012,"M(0.5,0.5)",0.899690213342012,global,0.9044928775555015
1.0,0.1,G(0.5),0.994690213342012,"M(0.5,0.5)",0.894690213342012,global,0.8994661869005278
1.0,0.105,G(0.5),0.994690213342012,"M(0.5,0.5)",0.889690213342012,global,0.8944394962455542
1.0,0.11,G(0.5),0.994690213342012,"M(0.5,0.5)",0.884690213342012,global,0.8894128055905806
1.0,0.115,G(0.5),0.994690213342012,"M(0.5,0.5)",0.879690213342012,global,0.8843861149356069
1.0,0.12,G(0.5),0.994690213342012,"M(0.5,0.5)",0.874690213342012,global,0.8793594242806333
1.0,0.125,G(0.5),0.994690213342012,"M(0.5,0.5)",0.869690213342012,global,0.8743327336256597
1.0,0.13,G(0.5),0.994690213342012,"M(0.5,0.5)",0.864690213342012,global,0.8693060429706861
1.0,0.135,G(0.5),0.994690213342012,"M(0.5,0.5)",0.859690213342012,global,0.8642793523157125
1.0,0.14,G(0.5),0.994690213342012,"M(0.5,0.5)",0.854690213342012,global,0.8592526616607389
1.0,0.145,G(0.5),0.994690213342012,"M(0.5,0.5)",0.849690213342012,global,0.8542259710057652
1.0,0.15,G(0.5),0.994690213342012,"M(0.5,0.5)",0.844690213342012,global,0.8491992803507916
1.0,0.155,G(0.5),0.994690213342012,"M(0.5,0.5)",0.839690213342012,global,0.844172589695818
1.0,0.16,G(0.5),0.994690213342012,"M(0.5,0.5)",0.834690213342012,global,0.8391458990408444
1.0,0.165,G(0.5),0.994690213342012,"M(0.5,0.5)",0.829690213342012,global,0.8341192083858707
1.0,0.17,G(0.5),0.994690213342012,"M(0.5,0.5)",0.824690213342012,global,0.8290925177308972
1.0,0.175,G(0.5),0.994690213342012,"M(0.5,0.5)",0.8196902133420121,global,0.8240658270759237
1.0,0.18,G(0.5),0.994690213342012,"M(0.5,0.5)",0.814690213342012,global,0.8190391364209499
1.0,0.185,G(0.5),0.994690213342012,"M(0.5,0.5)",0.8096902133420121,global,0.8140124457659764
1.0,0.19,G(0.5),0.994690213342012,"M(0.5,0.5)",0.804690213342012,global,0.8089857551110027
1.0,0.195,G(0.5),0.994690213342012,"M(0.5,0.5)",0.7996902133420121,global,0.8039590644560292
1.0,0.2,G(0.5),0.994690213342012,"M(0.5,0.5)",0.794690213342012,global,0.7989323738010554
