generation,p_transport,modular_cost,mass_modular,mass_global,top1_strategy,top1_mass,top2_strategy,top2_mass,top3_strategy,top3_mass
0,0.5,0.05,0.8999999999999988,0.1,"M(0.5,0.01)",0.011111111111111112,"M(0.5,0.05)",0.011111111111111112,"M(1,0.01)",0.011111111111111112
1,0.5,0.05,0.8931421225180299,0.1068578774819701,"M(0.5,0.01)",0.04506062832950527,"M(0.5,0.05)",0.04257123168347376,"M(1,0.01)",0.03824520430310554
2,0.5,0.05,0.9189052679591496,0.08109473204085017,"M(0.5,0.01)",0.10112733320739883,"M(0.5,0.05)",0.09026122631982805,"M(1,0.01)",0.07284875951726891
3,0.5,0.05,0.9507225249170804,0.049277475082919145,"M(0.5,0.01)",0.1626793669392674,"M(0.5,0.05)",0.13717549326258935,"M(1,0.01)",0.09946336970168407
4,0.5,0.05,0.9733808588273041,0.026619141172695954,"M(0.5,0.01)",0.21892115486507252,"M(0.5,0.05)",0.1743991171551944,"M(1,0.01)",0.11360862270521026
5,0.5,0.05,0.9861912757710779,0.013808724228922148,"M(0.5,0.01)",0.2682302304985935,"M(0.5,0.05)",0.2018736468665852,"M(1,0.01)",0.11815397585455713
6,0.5,0.05,0.9926962556799923,0.007303744320008239,"M(0.5,0.01)",0.3122520276287244,"M(0.5,0.05)",0.222022094830359,"M(1,0.01)",0.11675975939088395
7,0.5,0.05,0.9958312373305539,0.004168762669445838,"M(0.5,0.01)",0.35261005647114524,"M(0.5,0.05)",0.23686926359118,"M(1,0.01)",0.11193488324760908
8,0.5,0.05,0.9973016743645415,0.0026983256354584603,"M(0.5,0.01)",0.3902959934893771,"M(0.5,0.05)",0.24770541313562272,"M(1,0.01)",0.10519341528154875
9,0.5,0.05,0.9979814507709852,0.002018549229014767,"M(0.5,0.01)",0.42582012356090687,"M(0.5,0.05)",0.2553286052762664,"M(1,0.01)",0.09745208764389539
10,0.5,0.05,0.9982937557713308,0.0017062442286693033,"M(0.5,0.01)",0.4594170978800975,"M(0.5,0.05)",0.2602657588169199,"M(1,0.01)",0.08928864612972996
11,0.5,0.05,0.9984375136861964,0.001562486313803749,"M(0.5,0.01)",0.49118396042182755,"M(0.5,0.05)",0.2629030237762177,"M(1,0.01)",0.08108097311718251
12,0.5,0.05,0.9985045674923536,0.0014954325076460477,"M(0.5,0.01)",0.5211596548690245,"M(0.5,0.05)",0.26355357689317715,"M(1,0.01)",0.07308060841129912
13,0.5,0.05,0.9985368181142046,0.0014631818857950955,"M(0.5,0.01)",0.5493677690330832,"M(0.5,0.05)",0.2624904590865585,"M(1,0.01)",0.0654535121069671
14,0.5,0.05,0.9985532260734291,0.0014467739265704084,"M(0.5,0.01)",0.575837688450641,"M(0.5,0.05)",0.2599611679574698,"M(1,0.01)",0.05830460720454033
15,0.5,0.05,0.9985623279960087,0.0014376720039915472,"M(0.5,0.01)",0.6006132997445367,"M(0.5,0.05)",0.25619318582376704,"M(1,0.01)",0.051694013479788366
16,0.5,0.05,0.9985679619562148,0.0014320380437853485,"M(0.5,0.01)",0.6237547065302171,"M(0.5,0.05)",0.2513953720727008,"M(1,0.01)",0.045648714010062784
17,0.5,0.05,0.9985718605145988,0.0014281394854008954,"M(0.5,0.01)",0.6453362848086601,"M(0.5,0.05)",0.24575781304838626,"M(1,0.01)",0.040171430453141546
18,0.5,0.05,0.99857481607928,0.0014251839207198047,"M(0.5,0.01)",0.6654431136193155,"M(0.5,0.05)",0.23945142387554574,"M(1,0.01)",0.03524757220635092
19,0.5,0.05,0.9985772014858381,0.0014227985141619373,"M(0.5,0.01)",0.6841669948943718,"M(0.5,0.05)",0.23262787133367777,"M(1,0.01)",0.030850713703713426
20,0.5,0.05,0.9985792015030929,0.0014207984969067233,"M(0.5,0.01)",0.7016027392318076,"M(0.5,0.05)",0.22541999237316512,"M(1,0.01)",0.026946876131629587
21,0.5,0.05,0.9985809155060681,0.001419084493931646,"M(0.5,0.01)",0.717845045568518,"M(0.5,0.05)",0.2179426835551361,"M(1,0.01)",0.02349781528976482
22,0.5,0.05,0.9985824030039508,0.0014175969960489752,"M(0.5,0.01)",0.7329860847667599,"M(0.5,0.05)",0.21029415146184216,"M(1,0.01)",0.020463484509148908
23,0.5,0.05,0.9985837039122795,0.00141629608772034,"M(0.5,0.01)",0.7471137700573551,"M(0.5,0.05)",0.20255739249356441,"M(1,0.01)",0.017803822648916834
24,0.5,0.05,0.998584847688518,0.001415152311481983,"M(0.5,0.01)",0.760310631581162,"M(0.5,0.05)",0.19480178108338517,"M(1,0.01)",0.015480001096730847
25,0.5,0.05,0.9985858575584987,0.0014141424415011858,"M(0.5,0.01)",0.7726531859697346,"M(0.5,0.05)",0.18708466940994614,"M(1,0.01)",0.013455247046806064
26,0.5,0.05,0.998586752572066,0.0014132474279341604,"M(0.5,0.01)",0.7842116891739682,"M(0.5,0.05)",0.1794529286074806,"M(1,0.01)",0.011695342998405649
27,0.5,0.05,0.9985875486892805,0.0014124513107199262,"M(0.5,0.01)",0.795050170708172,"M(0.5,0.05)",0.17194438595066316,"M(1,0.01)",0.010168885291485451
28,0.5,0.05,0.9985882594236543,0.0014117405763458333,"M(0.5,0.01)",0.8052266630713261,"M(0.5,0.05)",0.16458913238140443,"M(1,0.01)",0.008847368503464749
29,0.5,0.05,0.9985888962733601,0.0014111037266397349,"M(0.5,0.01)",0.8147935570680065,"M(0.5,0.05)",0.15741068965951818,"M(1,0.01)",0.007705148309513314
30,0.5,0.05,0.9985894690423137,0.0014105309576861267,"M(0.5,0.01)",0.8237980297252947,"M(0.5,0.05)",0.15042703684321915,"M(1,0.01)",0.006719323260850267
31,0.5,0.05,0.9985899860968486,0.0014100139031514886,"M(0.5,0.01)",0.832282505376828,"M(0.5,0.05)",0.14365150256206222,"M(1,0.01)",0.005869565896256498
32,0.5,0.05,0.9985904545792955,0.001409545420704119,"M(0.5,0.01)",0.8402851219020072,"M(0.5,0.05)",0.13709353350676592,"M(1,0.01)",0.005137925530876946
33,0.5,0.05,0.9985908805892015,0.0014091194107984384,"M(0.5,0.01)",0.8478401831286202,"M(0.5,0.05)",0.13075935150918663,"M(1,0.01)",0.004508618728787455
34,0.5,0.05,0.9985912693382915,0.001408730661708578,"M(0.5,0.01)",0.8549785852985583,"M(0.5,0.05)",0.1246525121603856,"M(1,0.01)",0.0039678185920792005
35,0.5,0.05,0.9985916252832456,0.001408374716753721,"M(0.5,0.01)",0.8617282106036444,"M(0.5,0.05)",0.11877437760578935,"M(1,0.01)",0.0035034503225987927
36,0.5,0.05,0.9985919522393661,0.0014080477606334733,"M(0.5,0.01)",0.8681142844708458,"M(0.5,0.05)",0.11312451532265515,"M(1,0.01)",0.0031049977901736157
37,0.5,0.05,0.9985922534776833,0.001407746522316976,"M(0.5,0.01)",0.8741596958299853,"M(0.5,0.05)",0.10770103357773361,"M(1,0.01)",0.0027633238637798773
38,0.5,0.05,0.9985925318077301,0.0014074681922697286,"M(0.5,0.01)",0.879885281301981,"M(0.5,0.05)",0.10250086305074034,"M(1,0.01)",0.002470505855872192
39,0.5,0.05,0.9985927896479354,0.0014072103520651642,"M(0.5,0.01)",0.885310075321351,"M(0.5,0.05)",0.09751999289953459,"M(1,0.01)",0.0022196864547513176
40,0.5,0.05,0.9985930290853444,0.001406970914655452,"M(0.5,0.01)",0.890451528826792,"M(0.5,0.05)",0.09275366839989818,"M(1,0.01)",0.002004939864728218
41,0.5,0.05,0.9985932519262178,0.0014067480737822535,"M(0.5,0.01)",0.8953256994519092,"M(0.5,0.05)",0.08819655625086092,"M(1,0.01)",0.0018211524531634488
42,0.5,0.05,0.9985934597388025,0.0014065402611972237,"M(0.5,0.01)",0.8999474162255812,"M(0.5,0.05)",0.08384288271024058,"M(1,0.01)",0.0016639169517267615
43,0.5,0.05,0.998593653889465,0.0014063461105345873,"M(0.5,0.01)",0.9043304217228738,"M(0.5,0.05)",0.07968654891659076,"M(1,0.01)",0.0015294391270902978
44,0.5,0.05,0.9985938355731656,0.0014061644268339752,"M(0.5,0.01)",0.9084874944472571,"M(0.5,0.05)",0.0757212270577223,"M(1,0.01)",0.0014144557870157614
45,0.5,0.05,0.998594005839149,0.001405994160850982,"M(0.5,0.01)",0.9124305540120152,"M(0.5,0.05)",0.07194044045298958,"M(1,0.01)",0.0013161629944100234
46,0.5,0.05,0.998594165612584,0.001405834387416118,"M(0.5,0.01)",0.9161707514503273,"M(0.5,0.05)",0.06833763011538327,"M(1,0.01)",0.0012321534047747688
47,0.5,0.05,0.998594315712789,0.0014056842872108676,"M(0.5,0.01)",0.9197185467380191,"M(0.5,0.05)",0.06490620993850506,"M(1,0.01)",0.001160361707484137
48,0.5,0.05,0.9985944568685761,0.00140554313142359,"M(0.5,0.01)",0.9230837753726038,"M(0.5,0.05)",0.06163961230150329,"M(1,0.01)",0.001099017228541665
49,0.5,0.05,0.9985945897311707,0.0014054102688293307,"M(0.5,0.01)",0.9262757056245767,"M(0.5,0.05)",0.05853132559169626,"M(1,0.01)",0.0010466028349938195
50,0.5,0.05,0.9985947148850924,0.0014052851149075314,"M(0.5,0.01)",0.9293030878663625,"M(0.5,0.05)",0.05557492490067874,"M(1,0.01)",0.0010018193643386417
51,0.5,0.05,0.9985948328573284,0.0014051671426715648,"M(0.5,0.01)",0.9321741971930116,"M(0.5,0.05)",0.05276409694713907,"M(1,0.01)",0.0009635548830029841
52,0.5,0.05,0.9985949441250649,0.0014050558749350776,"M(0.5,0.01)",0.9348968703773262,"M(0.5,0.05)",0.05009266011147785,"M(1,0.01)",0.0009308581543625344
53,0.5,0.05,0.9985950491222166,0.0014049508777836206,"M(0.5,0.01)",0.9374785380501982,"M(0.5,0.05)",0.04755458032773116,"M(1,0.01)",0.0009029157677526113
54,0.5,0.05,0.9985951482449427,0.0014048517550568644,"M(0.5,0.01)",0.9399262528635701,"M(0.5,0.05)",0.04514398346230945,"M(1,0.01)",0.0008790324449388986
55,0.5,0.05,0.998595241856322,0.001404758143677899,"M(0.5,0.01)",0.9422467142772398,"M(0.5,0.05)",0.04285516471253791,"M(1,0.01)",0.0008586140994463662
56,0.5,0.05,0.9985953302903074,0.0014046697096924323,"M(0.5,0.01)",0.9444462905101697,"M(0.5,0.05)",0.040682595477495656,"M(1,0.01)",0.0008411532770978032
57,0.5,0.05,0.998595413855097,0.0014045861449029,"M(0.5,0.01)",0.9465310381104545,"M(0.5,0.05)",0.038620928086369896,"M(1,0.01)",0.000826216653368999
58,0.5,0.05,0.9985954928359989,0.0014045071640011765,"M(0.5,0.01)",0.9485067195240658,"M(0.5,0.05)",0.03666499871313853,"M(1,0.01)",0.000813434305100021
59,0.5,0.05,0.9985955674978806,0.0014044325021192736,"M(0.5,0.01)",0.9503788189794481,"M(0.5,0.05)",0.03480982875896015,"M(1,0.01)",0.0008024905111353933
60,0.5,0.05,0.998595638087269,0.0014043619127305992,"M(0.5,0.01)",0.9521525569515785,"M(0.5,0.05)",0.033050624943620543,"M(1,0.01)",0.0007931158690425467
61,0.5,0.05,0.9985957048341548,0.0014042951658454093,"M(0.5,0.01)",0.9538329034239927,"M(0.5,0.05)",0.031382778313481775,"M(1,0.01)",0.0007850805436168497
62,0.5,0.05,0.9985957679535468,0.0014042320464533304,"M(0.5,0.01)",0.9554245901293191,"M(0.5,0.05)",0.029801862344557555,"M(1,0.01)",0.0007781884878451922
63,0.5,0.05,0.9985958276468261,0.0014041723531736142,"M(0.5,0.01)",0.9569321219171147,"M(0.5,0.05)",0.0283036302947457,"M(1,0.01)",0.0007722724987657773
64,0.5,0.05,0.9985958841029194,0.0014041158970802504,"M(0.5,0.01)",0.9583597873712774,"M(0.5,0.05)",0.026884011938185244,"M(1,0.01)",0.0007671899895969475
65,0.5,0.05,0.9985959374993254,0.0014040625006745036,"M(0.5,0.01)",0.959711668777303,"M(0.5,0.05)",0.02553910979660257,"M(1,0.01)",0.0007628193759483762
66,0.5,0.05,0.9985959880030177,0.0014040119969819665,"M(0.5,0.01)",0.9609916515214323,"M(0.5,0.05)",0.02426519496689842,"M(1,0.01)",0.0007590569881775838
67,0.5,0.05,0.9985960357712445,0.0014039642287550019,"M(0.5,0.01)",0.9622034329887137,"M(0.5,0.05)",0.02305870263072127,"M(1,0.01)",0.0007558144342862155
68,0.5,0.05,0.9985960809522355,0.001403919047764616,"M(0.5,0.01)",0.9633505310146917,"M(0.5,0.05)",0.021916227320054927,"M(1,0.01)",0.0007530163484071331
69,0.5,0.05,0.9985961236858317,0.001403876314168427,"M(0.5,0.01)",0.9644362919353583,"M(0.5,0.05)",0.02083451800265623,"M(1,0.01)",0.0007505984691309256
70,0.5,0.05,0.9985961641040564,0.0014038358959435936,"M(0.5,0.01)",0.9654638982718174,"M(0.5,0.05)",0.01981047304229476,"M(1,0.01)",0.0007485059998496072
71,0.5,0.05,0.998596202331624,0.0014037976683753974,"M(0.5,0.01)",0.9664363760794893,"M(0.5,0.05)",0.01884113508098802,"M(1,0.01)",0.0007466922101237772
72,0.5,0.05,0.9985962384864061,0.0014037615135936972,"M(0.5,0.01)",0.9673566019863404,"M(0.5,0.05)",0.017923685883640284,"M(1,0.01)",0.0007451172429545148
73,0.5,0.05,0.9985962726798494,0.001403727320150738,"M(0.5,0.01)",0.9682273099403675,"M(0.5,0.05)",0.017055441179552572,"M(1,0.01)",0.0007437470978914595
74,0.5,0.05,0.9985963050173653,0.0014036949826348594,"M(0.5,0.01)",0.9690510976831559,"M(0.5,0.05)",0.016233845530065988,"M(1,0.01)",0.0007425527642461394
75,0.5,0.05,0.998596335598684,0.0014036644013155173,"M(0.5,0.01)",0.969830432963651,"M(0.5,0.05)",0.015456467247038138,"M(1,0.01)",0.0007415094824024149
76,0.5,0.05,0.9985963645181837,0.0014036354818157742,"M(0.5,0.01)",0.9705676595041832,"M(0.5,0.05)",0.014720993382853674,"M(1,0.01)",0.0007405961144088037
77,0.5,0.05,0.9985963918651908,0.0014036081348090062,"M(0.5,0.01)",0.9712650027291313,"M(0.5,0.05)",0.0140252248091658,"M(1,0.01)",0.0007397946077741
78,0.5,0.05,0.9985964177242626,0.0014035822757370964,"M(0.5,0.01)",0.971924575265358,"M(0.5,0.05)",0.013367071398497937,"M(1,0.01)",0.0007390895387318905
79,0.5,0.05,0.998596442175452,0.0014035578245477902,"M(0.5,0.01)",0.9725483822225724,"M(0.5,0.05)",0.012744547320151367,"M(1,0.01)",0.000738467723246433
80,0.5,0.05,0.9985964652945507,0.0014035347054492458,"M(0.5,0.01)",0.9731383262610509,"M(0.5,0.05)",0.012155766459521412,"M(1,0.01)",0.0007379178857495716
81,0.5,0.05,0.9985964871533197,0.0014035128466800921,"M(0.5,0.01)",0.9736962124535816,"M(0.5,0.05)",0.011598937967881577,"M(1,0.01)",0.0007374303770669517
82,0.5,0.05,0.9985965078197067,0.0014034921802935701,"M(0.5,0.01)",0.9742237529481101,"M(0.5,0.05)",0.011072361947918634,"M(1,0.01)",0.0007369969342472528
83,0.5,0.05,0.9985965273580449,0.0014034726419545058,"M(0.5,0.01)",0.9747225714372459,"M(0.5,0.05)",0.010574425278759986,"M(1,0.01)",0.000736610476080873
84,0.5,0.05,0.9985965458292517,0.0014034541707480508,"M(0.5,0.01)",0.9751942074405813,"M(0.5,0.05)",0.010103597582902208,"M(1,0.01)",0.0007362649290107731
85,0.5,0.05,0.9985965632910008,0.0014034367089992609,"M(0.5,0.01)",0.9756401204056041,"M(0.5,0.05)",0.009658427336301595,"M(1,0.01)",0.0007359550789204812
86,0.5,0.05,0.9985965797978972,0.0014034202021026988,"M(0.5,0.01)",0.9760616936328813,"M(0.5,0.05)",0.009237538121903142,"M(1,0.01)",0.0007356764449519742
87,0.5,0.05,0.9985965954016386,0.0014034045983613414,"M(0.5,0.01)",0.9764602380310846,"M(0.5,0.05)",0.008839625026044459,"M(1,0.01)",0.0007354251720758336
88,0.5,0.05,0.9985966101511656,0.001403389848834162,"M(0.5,0.01)",0.9768369957073678,"M(0.5,0.05)",0.008463451176459058,"M(1,0.01)",0.0007351979396220045
89,0.5,0.05,0.9985966240928085,0.001403375907191819,"M(0.5,0.01)",0.9771931433985446,"M(0.5,0.05)",0.0081078444200042,"M(1,0.01)",0.0007349918833938284
90,0.5,0.05,0.9985966372704203,0.0014033627295799444,"M(0.5,0.01)",0.9775297957484463,"M(0.5,0.05)",0.007771694137738497,"M(1,0.01)",0.0007348045293412263
91,0.5,0.05,0.9985966497255103,0.0014033502744895767,"M(0.5,0.01)",0.9778480084368022,"M(0.5,0.05)",0.007453948194562262,"M(1,0.01)",0.0007346337370699442
92,0.5,0.05,0.9985966614973657,0.0014033385026343166,"M(0.5,0.01)",0.9781487811649002,"M(0.5,0.05)",0.007153610020297841,"M(1,0.01)",0.00073447765172024
93,0.5,0.05,0.9985966726231662,0.001403327376833831,"M(0.5,0.01)",0.9784330605032385,"M(0.5,0.05)",0.006869735818819092,"M(1,0.01)",0.0007343346629668771
94,0.5,0.05,0.9985966831380962,0.0014033168619033542,"M(0.5,0.01)",0.9787017426062982,"M(0.5,0.05)",0.006601431901629822,"M(1,0.01)",0.0007342033700783608
95,0.5,0.05,0.998596693075451,0.001403306924548857,"M(0.5,0.01)",0.9789556757994835,"M(0.5,0.05)",0.006347852142132921,"M(1,0.01)",0.000734082552131779
96,0.5,0.05,0.9985967024667319,0.0014032975332675948,"M(0.5,0.01)",0.9791956630431993,"M(0.5,0.05)",0.00610819554671864,"M(1,0.01)",0.0007339711426145016
97,0.5,0.05,0.9985967113417462,0.0014032886582537483,"M(0.5,0.01)",0.979422464278931,"M(0.5,0.05)",0.00588170393872563,"M(1,0.01)",0.0007338682077587827
98,0.5,0.05,0.9985967197286909,0.0014032802713088933,"M(0.5,0.01)",0.9796367986620929,"M(0.5,0.05)",0.00566765975128691,"M(1,0.01)",0.000733772928053024
99,0.5,0.05,0.998596727654243,0.0014032723457570637,"M(0.5,0.01)",0.9798393466863098,"M(0.5,0.05)",0.0054653839250601785,"M(1,0.01)",0.0007336845824565917
100,0.5,0.05,0.9985967351436358,0.0014032648563641638,"M(0.5,0.01)",0.9800307522036723,"M(0.5,0.05)",0.005274233906853327,"M(1,0.01)",0.0007336025349158059
101,0.5,0.05,0.9985967422207382,0.0014032577792615253,"M(0.5,0.01)",0.9802116243453989,"M(0.5,0.05)",0.005093601745188445,"M(1,0.01)",0.0007335262228388967
102,0.5,0.05,0.9985967489081268,0.0014032510918733896,"M(0.5,0.01)",0.9803825393472034,"M(0.5,0.05)",0.00492291227889723,"M(1,0.01)",0.0007334551472388952
103,0.5,0.05,0.9985967552271517,0.0014032447728481324,"M(0.5,0.01)",0.9805440422835576,"M(0.5,0.05)",0.004761621414905151,"M(1,0.01)",0.000733388864296959
104,0.5,0.05,0.9985967611980069,0.0014032388019930332,"M(0.5,0.01)",0.9806966487148898,"M(0.5,0.05)",0.004609214491437934,"M(1,0.01)",0.0007333269781356404
105,0.5,0.05,0.9985967668397875,0.0014032331602124271,"M(0.5,0.01)",0.9808408462516524,"M(0.5,0.05)",0.004465204722970164,"M(1,0.01)",0.00073326913462309
106,0.5,0.05,0.9985967721705511,0.001403227829449056,"M(0.5,0.01)",0.9809770960390382,"M(0.5,0.05)",0.004329131723329672,"M(1,0.01)",0.0007332150160559366
107,0.5,0.05,0.9985967772073714,0.0014032227926284741,"M(0.5,0.01)",0.981105834166014,"M(0.5,0.05)",0.004200560103471595,"M(1,0.01)",0.000733164336591355
108,0.5,0.05,0.9985967819663938,0.0014032180336063461,"M(0.5,0.01)",0.9812274730021974,"M(0.5,0.05)",0.004079078140540645,"M(1,0.01)",0.0007331168383181625
109,0.5,0.05,0.9985967864628814,0.0014032135371185002,"M(0.5,0.01)",0.9813424024659725,"M(0.5,0.05)",0.003964296514948275,"M(1,0.01)",0.0007330722878732394
110,0.5,0.05,0.9985967907112664,0.0014032092887335944,"M(0.5,0.01)",0.981450991227115,"M(0.5,0.05)",0.0038558471123017433,"M(1,0.01)",0.0007330304735235412
111,0.5,0.05,0.9985967947251915,0.0014032052748082645,"M(0.5,0.01)",0.9815535878470711,"M(0.5,0.05)",0.0037533818871337077,"M(1,0.01)",0.0007329912026458646
112,0.5,0.05,0.9985967985175551,0.0014032014824446356,"M(0.5,0.01)",0.981650521859901,"M(0.5,0.05)",0.0036565717854929927,"M(1,0.01)",0.0007329542995466203
113,0.5,0.05,0.9985968021005498,0.001403197899450068,"M(0.5,0.01)",0.9817421047967829,"M(0.5,0.05)",0.0035651057235689923,"M(1,0.01)",0.0007329196035724617
114,0.5,0.05,0.9985968054857007,0.0014031945142990302,"M(0.5,0.01)",0.9818286311568478,"M(0.5,0.05)",0.0034786896196330767,"M(1,0.01)",0.0007328869674699164
115,0.5,0.05,0.998596808683903,0.0014031913160969954,"M(0.5,0.01)",0.9819103793270005,"M(0.5,0.05)",0.003397045476689957,"M(1,0.01)",0.0007328562559583742
116,0.5,0.05,0.9985968117054538,0.0014031882945462462,"M(0.5,0.01)",0.9819876124532683,"M(0.5,0.05)",0.0033199105133397415,"M(1,0.01)",0.000732827344486063
117,0.5,0.05,0.9985968145600864,0.0014031854399135007,"M(0.5,0.01)",0.9820605792660982,"M(0.5,0.05)",0.003247036340457062,"M(1,0.01)",0.0007328001181431265
118,0.5,0.05,0.9985968172570008,0.0014031827429992637,"M(0.5,0.01)",0.982129514861933,"M(0.5,0.05)",0.0031781881813969415,"M(1,0.01)",0.0007327744707097417
119,0.5,0.05,0.9985968198048911,0.001403180195108809,"M(0.5,0.01)",0.9821946414432697,"M(0.5,0.05)",0.00311314413353765,"M(1,0.01)",0.0007327503038204452
120,0.5,0.05,0.9985968222119751,0.0014031777880247189,"M(0.5,0.01)",0.982256169019326,"M(0.5,0.05)",0.0030516944690686496,"M(1,0.01)",0.0007327275262286089
121,0.5,0.05,0.9985968244860188,0.0014031755139808887,"M(0.5,0.01)",0.982314296069317,"M(0.5,0.05)",0.002993640973026565,"M(1,0.01)",0.0007327060531573462
122,0.5,0.05,0.9985968266343626,0.0014031733656379285,"M(0.5,0.01)",0.9823692101702763,"M(0.5,0.05)",0.0029387963166739852,"M(1,0.01)",0.0007326858057251269
123,0.5,0.05,0.99859682866394,0.0014031713360598851,"M(0.5,0.01)",0.9824210885912416,"M(0.5,0.05)",0.0028869834644046077,"M(1,0.01)",0.0007326667104360815
124,0.5,0.05,0.9985968305813078,0.0014031694186922203,"M(0.5,0.01)",0.9824700988555549,"M(0.5,0.05)",0.0028380351124438516,"M(1,0.01)",0.0007326486987264201
125,0.5,0.05,0.9985968323926587,0.0014031676073409667,"M(0.5,0.01)",0.982516399272929,"M(0.5,0.05)",0.0027917931576964864,"M(1,0.01)",0.00073263170655962
126,0.5,0.05,0.9985968341038468,0.0014031658961530206,"M(0.5,0.01)",0.9825601394428658,"M(0.5,0.05)",0.0027481081951721696,"M(1,0.01)",0.0007326156740640923
127,0.5,0.05,0.9985968357204028,0.0014031642795974888,"M(0.5,0.01)",0.9826014607309206,"M(0.5,0.05)",0.0027068390424959126,"M(1,0.01)",0.0007326005452079213
128,0.5,0.05,0.9985968372475517,0.0014031627524480512,"M(0.5,0.01)",0.9826404967192427,"M(0.5,0.05)",0.0026678522900836434,"M(1,0.01)",0.0007325862675060416
129,0.5,0.05,0.9985968386902332,0.0014031613097662773,"M(0.5,0.01)",0.9826773736327489,"M(0.5,0.05)",0.0026310218756330863,"M(1,0.01)",0.0007325727917558626
130,0.5,0.05,0.9985968400531144,0.0014031599468858449,"M(0.5,0.01)",0.9827122107422127,"M(0.5,0.05)",0.0025962286816472746,"M(1,0.01)",0.0007325600717979004
131,0.5,0.05,0.9985968413406024,0.0014031586593976184,"M(0.5,0.01)",0.9827451207454965,"M(0.5,0.05)",0.00256336015477223,"M(1,0.01)",0.0007325480642984579
132,0.5,0.05,0.9985968425568644,0.0014031574431355367,"M(0.5,0.01)",0.9827762101280878,"M(0.5,0.05)",0.0025323099457917114,"M(1,0.01)",0.0007325367285517941
133,0.5,0.05,0.9985968437058369,0.0014031562941632708,"M(0.5,0.01)",0.9828055795040402,"M(0.5,0.05)",0.0025029775691805503,"M(1,0.01)",0.0007325260262995645
134,0.5,0.05,0.9985968447912386,0.001403155208761605,"M(0.5,0.01)",0.982833323938364,"M(0.5,0.05)",0.002475268081174057,"M(1,0.01)",0.0007325159215656165
135,0.5,0.05,0.9985968458165834,0.0014031541834165053,"M(0.5,0.01)",0.9828595332518585,"M(0.5,0.05)",0.0024490917753643695,"M(1,0.01)",0.0007325063805044719
136,0.5,0.05,0.9985968467851922,0.0014031532148078454,"M(0.5,0.01)",0.9828842923093312,"M(0.5,0.05)",0.002424363894885503,"M(1,0.01)",0.0007324973712620484
137,0.5,0.05,0.9985968477002016,0.0014031522997987379,"M(0.5,0.01)",0.9829076812920885,"M(0.5,0.05)",0.002401004360297335,"M(1,0.01)",0.0007324888638473517
138,0.5,0.05,0.9985968485645746,0.0014031514354254572,"M(0.5,0.01)",0.9829297759555483,"M(0.5,0.05)",0.0023789375123249527,"M(1,0.01)",0.0007324808300140366
139,0.5,0.05,0.9985968493811122,0.0014031506188879087,"M(0.5,0.01)",0.9829506478727764,"M(0.5,0.05)",0.002358091868653724,"M(1,0.01)",0.0007324732431508682
140,0.5,0.05,0.9985968501524592,0.0014031498475406202,"M(0.5,0.01)",0.9829703646647026,"M(0.5,0.05)",0.002338399894022267,"M(1,0.01)",0.0007324660781802308
141,0.5,0.05,0.9985968508811156,0.001403149118884227,"M(0.5,0.01)",0.9829889902177386,"M(0.5,0.05)",0.0023197977828952497,"M(1,0.01)",0.0007324593114639373
142,0.5,0.05,0.9985968515694424,0.0014031484305574245,"M(0.5,0.01)",0.9830065848894795,"M(0.5,0.05)",0.0023022252540357575,"M(1,0.01)",0.0007324529207156787
143,0.5,0.05,0.9985968522196705,0.0014031477803293584,"M(0.5,0.01)",0.9830232057031317,"M(0.5,0.05)",0.0022856253563328585,"M(1,0.01)",0.0007324468849195261
144,0.5,0.05,0.9985968528339073,0.0014031471660924367,"M(0.5,0.01)",0.9830389065312843,"M(0.5,0.05)",0.002269944285274135,"M(1,0.01)",0.0007324411842539679
145,0.5,0.05,0.9985968534141442,0.0014031465858555328,"M(0.5,0.01)",0.9830537382695941,"M(0.5,0.05)",0.0022551312094853055,"M(1,0.01)",0.000732435800021016
146,0.5,0.05,0.9985968539622622,0.001403146037737564,"M(0.5,0.01)",0.9830677490009417,"M(0.5,0.05)",0.0022411381067898545,"M(1,0.01)",0.0007324307145799729
147,0.5,0.05,0.9985968544800385,0.0014031455199614198,"M(0.5,0.01)",0.9830809841505703,"M(0.5,0.05)",0.0022279196092707247,"M(1,0.01)",0.0007324259112854828
148,0.5,0.05,0.9985968549691518,0.0014031450308482274,"M(0.5,0.01)",0.9830934866327031,"M(0.5,0.05)",0.0022154328568438383,"M(1,0.01)",0.0007324213744295413
149,0.5,0.05,0.9985968554311877,0.0014031445688119292,"M(0.5,0.01)",0.9831052969890988,"M(0.5,0.05)",0.002203637358879456,"M(1,0.01)",0.0007324170891871572
150,0.5,0.05,0.9985968558676455,0.001403144132354162,"M(0.5,0.01)",0.9831164535199914,"M(0.5,0.05)",0.0021924948634323,"M(1,0.01)",0.000732413041565402
151,0.5,0.05,0.998596856279941,0.0014031437200594137,"M(0.5,0.01)",0.983126992407827,"M(0.5,0.05)",0.00218196923366495,"M(1,0.01)",0.0007324092183555978
152,0.5,0.05,0.9985968566694096,0.001403143330590451,"M(0.5,0.01)",0.9831369478341859,"M(0.5,0.05)",0.002172026331071405,"M(1,0.01)",0.0007324056070884205
153,0.5,0.05,0.9985968570373157,0.001403142962683994,"M(0.5,0.01)",0.9831463520902767,"M(0.5,0.05)",0.002162633905128936,"M(1,0.01)",0.0007324021959917199
154,0.5,0.05,0.998596857384853,0.001403142615146635,"M(0.5,0.01)",0.9831552356813381,"M(0.5,0.05)",0.0021537614890263785,"M(1,0.01)",0.0007323989739508648
155,0.5,0.05,0.9985968577131487,0.0014031422868509755,"M(0.5,0.01)",0.9831636274252943,"M(0.5,0.05)",0.0021453803011361335,"M(1,0.01)",0.0007323959304714496
156,0.5,0.05,0.9985968580232681,0.001403141976731982,"M(0.5,0.01)",0.9831715545459727,"M(0.5,0.05)",0.0021374631519150864,"M(1,0.01)",0.0007323930556442023
157,0.5,0.05,0.9985968583162169,0.0014031416837835375,"M(0.5,0.01)",0.9831790427611816,"M(0.5,0.05)",0.0021299843559367876,"M(1,0.01)",0.0007323903401119512
158,0.5,0.05,0.9985968585929449,0.0014031414070551878,"M(0.5,0.01)",0.9831861163659367,"M(0.5,0.05)",0.0021229196487733792,"M(1,0.01)",0.0007323877750385228
159,0.5,0.05,0.9985968588543509,0.0014031411456490656,"M(0.5,0.01)",0.9831927983110947,"M(0.5,0.05)",0.0021162461084610496,"M(1,0.01)",0.0007323853520794412
160,0.5,0.05,0.9985968591012829,0.0014031408987169795,"M(0.5,0.01)",0.9831991102776491,"M(0.5,0.05)",0.002109942081297296,"M(1,0.01)",0.0007323830633543223
161,0.5,0.05,0.9985968593345421,0.0014031406654576733,"M(0.5,0.01)",0.9832050727469286,"M(0.5,0.05)",0.0021039871117319872,"M(1,0.01)",0.000732380901420855
162,0.5,0.05,0.9985968595548858,0.0014031404451142287,"M(0.5,0.01)",0.983210705066922,"M(0.5,0.05)",0.0020983618761271985,"M(1,0.01)",0.0007323788592502752
163,0.5,0.05,0.9985968597630284,0.0014031402369716122,"M(0.5,0.01)",0.9832160255149406,"M(0.5,0.05)",0.002093048120173052,"M(1,0.01)",0.0007323769302042377
164,0.5,0.05,0.9985968599596459,0.001403140040354362,"M(0.5,0.01)",0.9832210513568225,"M(0.5,0.05)",0.0020880285997584513,"M(1,0.01)",0.0007323751080130069
165,0.5,0.05,0.9985968601453756,0.0014031398546243978,"M(0.5,0.01)",0.9832257989028684,"M(0.5,0.05)",0.0020832870251065536,"M(1,0.01)",0.0007323733867548836
166,0.5,0.05,0.9985968603208212,0.001403139679178954,"M(0.5,0.01)",0.9832302835606873,"M(0.5,0.05)",0.0020788080079952617,"M(1,0.01)",0.0007323717608367971
167,0.5,0.05,0.9985968604865514,0.001403139513448626,"M(0.5,0.01)",0.9832345198851238,"M(0.5,0.05)",0.0020745770118928203,"M(1,0.01)",0.0007323702249759938
168,0.5,0.05,0.9985968606431039,0.0014031393568955256,"M(0.5,0.01)",0.9832385216254277,"M(0.5,0.05)",0.00207058030484794,"M(1,0.01)",0.0007323687741827573
169,0.5,0.05,0.9985968607909884,0.001403139209011537,"M(0.5,0.01)",0.9832423017698183,"M(0.5,0.05)",0.002066804914982656,"M(1,0.01)",0.0007323674037441018
170,0.5,0.05,0.9985968609306831,0.0014031390693166697,"M(0.5,0.01)",0.983245872587583,"M(0.5,0.05)",0.0020632385884444427,"M(1,0.01)",0.0007323661092083784
171,0.5,0.05,0.9985968610626422,0.0014031389373575034,"M(0.5,0.01)",0.9832492456688543,"M(0.5,0.05)",0.0020598697496820215,"M(1,0.01)",0.0007323648863707489
172,0.5,0.05,0.9985968611872944,0.001403138812705716,"M(0.5,0.01)",0.9832524319621845,"M(0.5,0.05)",0.00205668746391668,"M(1,0.01)",0.0007323637312594696
173,0.5,0.05,0.9985968613050439,0.0014031386949566976,"M(0.5,0.01)",0.9832554418100438,"M(0.5,0.05)",0.0020536814016880126,"M(1,0.01)",0.0007323626401229437
174,0.5,0.05,0.9985968614162717,0.0014031385837282358,"M(0.5,0.01)",0.983258284982359,"M(0.5,0.05)",0.0020508418053596295,"M(1,0.01)",0.0007323616094174972
175,0.5,0.05,0.9985968615213406,0.0014031384786592784,"M(0.5,0.01)",0.9832609707081947,"M(0.5,0.05)",0.0020481594574766576,"M(1,0.01)",0.0007323606357958371
176,0.5,0.05,0.9985968616205911,0.0014031383794087607,"M(0.5,0.01)",0.9832635077056836,"M(0.5,0.05)",0.00204562565087283,"M(1,0.01)",0.0007323597160961527
177,0.5,0.05,0.9985968617143455,0.0014031382856545,"M(0.5,0.01)",0.9832659042103024,"M(0.5,0.05)",0.002043232160430577,"M(1,0.01)",0.0007323588473318243
178,0.5,0.05,0.998596861802908,0.0014031381970921516,"M(0.5,0.01)",0.9832681680015842,"M(0.5,0.05)",0.0020409712164028374,"M(1,0.01)",0.0007323580266817066
179,0.5,0.05,0.9985968618865657,0.00140313811343422,"M(0.5,0.01)",0.9832703064283513,"M(0.5,0.05)",0.0020388354792103464,"M(1,0.01)",0.0007323572514809498
180,0.5,0.05,0.9985968619655908,0.0014031380344091283,"M(0.5,0.01)",0.9832723264325566,"M(0.5,0.05)",0.0020368180156329057,"M(1,0.01)",0.0007323565192123354
181,0.5,0.05,0.9985968620402398,0.0014031379597603335,"M(0.5,0.01)",0.9832742345718009,"M(0.5,0.05)",0.0020349122763176192,"M(1,0.01)",0.000732355827498089
182,0.5,0.05,0.9985968621107546,0.0014031378892454985,"M(0.5,0.01)",0.9832760370406085,"M(0.5,0.05)",0.002033112074531344,"M(1,0.01)",0.0007323551740921515
183,0.5,0.05,0.9985968621773644,0.0014031378226357037,"M(0.5,0.01)",0.983277739690526,"M(0.5,0.05)",0.002031411566088592,"M(1,0.01)",0.0007323545568728792
184,0.5,0.05,0.9985968622402853,0.0014031377597147042,"M(0.5,0.01)",0.9832793480491043,"M(0.5,0.05)",0.002029805230389928,"M(1,0.01)",0.0007323539738361467
185,0.5,0.05,0.9985968622997218,0.0014031377002782285,"M(0.5,0.01)",0.9832808673378375,"M(0.5,0.05)",0.0020282878525094846,"M(1,0.01)",0.0007323534230888364
186,0.5,0.05,0.9985968623558668,0.0014031376441333162,"M(0.5,0.01)",0.9832823024891033,"M(0.5,0.05)",0.002026854506273599,"M(1,0.01)",0.000732352902842686
187,0.5,0.05,0.998596862408902,0.0014031375910976904,"M(0.5,0.01)",0.9832836581621678,"M(0.5,0.05)",0.00202550053827578,"M(1,0.01)",0.0007323524114084797
188,0.5,0.05,0.9985968624590009,0.0014031375409991676,"M(0.5,0.01)",0.9832849387583071,"M(0.5,0.05)",0.002024221552776244,"M(1,0.01)",0.0007323519471905603
189,0.5,0.05,0.9985968625063246,0.0014031374936750993,"M(0.5,0.01)",0.983286148435088,"M(0.5,0.05)",0.002023013397437093,"M(1,0.01)",0.0007323515086816458
190,0.5,0.05,0.9985968625510275,0.001403137448971842,"M(0.5,0.01)",0.983287291119862,"M(0.5,0.05)",0.00202187214984694,"M(1,0.01)",0.0007323510944579343
191,0.5,0.05,0.9985968625932554,0.0014031374067442607,"M(0.5,0.01)",0.9832883705225094,"M(0.5,0.05)",0.0020207941047913134,"M(1,0.01)",0.0007323507031744786
192,0.5,0.05,0.9985968626331448,0.0014031373668552567,"M(0.5,0.01)",0.9832893901474808,"M(0.5,0.05)",0.002019775762227599,"M(1,0.01)",0.0007323503335608193
193,0.5,0.05,0.9985968626708245,0.0014031373291753233,"M(0.5,0.01)",0.9832903533051696,"M(0.5,0.05)",0.002018813815925543,"M(1,0.01)",0.0007323499844168577
194,0.5,0.05,0.998596862706418,0.0014031372935821257,"M(0.5,0.01)",0.9832912631226578,"M(0.5,0.05)",0.002017905142736508,"M(1,0.01)",0.0007323496546089601
195,0.5,0.05,0.9985968627400398,0.0014031372599601023,"M(0.5,0.01)",0.9832921225538647,"M(0.5,0.05)",0.0020170467924566942,"M(1,0.01)",0.000732349343066275
196,0.5,0.05,0.9985968627717998,0.0014031372282000915,"M(0.5,0.01)",0.983292934389134,"M(0.5,0.05)",0.0020162359782514645,"M(1,0.01)",0.0007323490487772561
197,0.5,0.05,0.998596862801801,0.0014031371981989764,"M(0.5,0.01)",0.9832937012642924,"M(0.5,0.05)",0.0020154700676097382,"M(1,0.01)",0.0007323487707863783
198,0.5,0.05,0.9985968628301405,0.0014031371698593506,"M(0.5,0.01)",0.9832944256692039,"M(0.5,0.05)",0.0020147465737991145,"M(1,0.01)",0.0007323485081910344
199,0.5,0.05,0.9985968628569105,0.0014031371430892016,"M(0.5,0.01)",0.983295109955852,"M(0.5,0.05)",0.002014063147794025,"M(1,0.01)",0.0007323482601386044
200,0.5,0.05,0.9985968628821983,0.0014031371178016112,"M(0.5,0.01)",0.9832957563459747,"M(0.5,0.05)",0.002013417570650741,"M(1,0.01)",0.0007323480258236872
